order_id,restaurant_id,order_date,order_value_eur,order_channel,fulfilment_type,order_status
ORD-0005791,R-0010,2025-02-18,41.61,app,pickup,completed
ORD-0005792,R-0010,2025-02-21,54.51,web,delivery,cancelled
ORD-0005793,R-0010,2025-02-07,69.65,web,delivery,completed
ORD-0005794,R-0010,2025-02-04,67.35,web,pickup,completed
ORD-0005795,R-0010,2025-02-13,33.80,web,delivery,cancelled
ORD-0005796,R-0010,2025-02-13,30.88,web,delivery,completed
ORD-0005797,R-0010,2025-02-05,63.27,app,pickup,completed
ORD-0005798,R-0010,2025-02-06,50.56,web,pickup,completed
ORD-0005799,R-0010,2025-02-14,57.43,app,pickup,completed
ORD-0005800,R-0010,2025-02-15,35.97,web,delivery,cancelled
ORD-0005801,R-0010,2025-02-15,58.50,web,pickup,completed
ORD-0005802,R-0010,2025-02-28,30.59,app,pickup,completed
ORD-0005803,R-0010,2025-02-01,50.54,web,delivery,COMPLETED
ORD-0005804,R-0010,2025-02-22,48.04,web,delivery,completed
ORD-0005805,R-0010,2025-02-10,44.60,app,delivery,completed
ORD-0005806,R-0010,2025-02-22,61.71,web,delivery,completed
ORD-0005807,R-0010,2025-02-21,31.45,web,delivery,completed
ORD-0005808,R-0010,2025-02-18,54.96,web,pickup,completed
ORD-0005809,R-0010,2025-02-18,42.99,web,pickup,completed
ORD-0005810,R-0010,2025-02-19,31.72,app,delivery,completed
ORD-0005811,R-0010,2025-02-21,28.10,web,pickup,cancelled
ORD-0005812,R-0010,2025-02-04,86.48,web,delivery,completed
ORD-0005813,R-0010,2025-02-10,41.57,web,delivery,completed
ORD-0005814,R-0010,2025-02-24,37.35,web,pickup,completed
ORD-0005815,R-0010,2025-02-15,30.03,web,delivery,completed
ORD-0005816,R-0010,2025-02-04,64.11,app,pickup,completed
ORD-0005817,R-0010,2025-02-28,67.26,app,delivery,completed
ORD-0005818,R-0010,2025-02-28,62.58,web,delivery,COMPLETED
ORD-0005819,R-0010,2025-02-15,45.03,app,pickup,completed
ORD-0005820,R-0010,2025-02-15,61.03,web,delivery,completed
ORD-0005821,R-0010,2025-02-08,33.85,app,delivery,completed
ORD-0005822,R-0010,2025-02-15,49.98,web,pickup,completed
ORD-0005823,R-0010,2025-02-28,45.15,web,pickup,completed
ORD-0005824,R-0010,2025-02-08,50.91,app,pickup,completed
ORD-0005825,R-0010,2025-02-09,23.38,web,pickup,completed
ORD-0005826,R-0010,2025-02-26,85.87,web,delivery,completed
ORD-0005827,R-0010,2025-02-11,78.17,web,delivery,completed
ORD-0005828,R-0010,2025-02-28,29.96,web,pickup,Completed
ORD-0005829,R-0010,2025-02-10,52.95,app,delivery,completed
ORD-0005830,R-0010,2025-02-01,26.41,web,pickup,completed
ORD-0005831,R-0010,2025-02-28,47.54,web,delivery,Completed
ORD-0005832,R-0010,2025-02-07,20.26,web,pickup,completed
ORD-0005833,R-0010,2025-02-20,38.24,web,pickup,completed
ORD-0005834,R-0010,2025-02-01,38.39,web,delivery,completed
ORD-0005835,R-0010,2025-02-21,71.03,web,delivery,refunded
ORD-0005836,R-0010,2025-02-07,86.02,app,pickup,completed
ORD-0005837,R-0010,2025-02-22,86.74,web,delivery,completed
ORD-0005838,R-0010,2025-02-28,71.07,web,delivery,completed
ORD-0005839,R-0010,2025-02-01,47.52,web,delivery,completed
ORD-0005840,R-0010,2025-02-11,49.33,web,delivery,completed
ORD-0005841,R-0010,2025-02-21,53.18,web,delivery,completed
ORD-0005842,R-0010,2025-02-28,29.62,web,delivery,Completed
ORD-0005843,R-0010,2025-02-10,65.50,app,delivery,completed
ORD-0005844,R-0010,2025-02-28,59.65,web,pickup,completed
ORD-0005845,R-0010,2025-02-26,56.20,app,delivery,Completed
ORD-0005846,R-0010,2025-02-21,19.62,web,pickup,completed
ORD-0016051,R-0025,2025-02-27,30.38,web,delivery,completed
ORD-0016052,R-0025,2025-02-16,24.65,web,delivery,refunded
ORD-0016053,R-0025,2025-02-09,21.27,web,delivery,completed
ORD-0016054,R-0025,2025-02-08,29.08,app,delivery,completed
ORD-0016055,R-0025,2025-02-16,16.64,web,delivery,completed
ORD-0016056,R-0025,2025-02-28,44.73,web,delivery,COMPLETED
ORD-0016057,R-0025,2025-02-14,42.74,web,delivery,completed
ORD-0016058,R-0025,2025-02-28,19.91,web,pickup,refunded
ORD-0016059,R-0025,2025-02-21,24.31,web,delivery,completed
ORD-0016060,R-0025,2025-02-21,22.58,app,pickup,completed
ORD-0016061,R-0025,2025-02-05,18.02,app,delivery,Completed
ORD-0016062,R-0025,2025-02-06,30.17,app,pickup,completed
ORD-0016063,R-0025,2025-02-21,13.90,app,delivery,completed
ORD-0016064,R-0025,2025-02-05,19.01,app,delivery,completed
ORD-0016065,R-0025,2025-02-15,28.14,web,delivery,completed
ORD-0016066,R-0025,2025-02-15,40.92,app,delivery,Completed
ORD-0016067,R-0025,2025-02-21,38.14,app,delivery,completed
ORD-0016068,R-0025,2025-02-15,18.32,app,delivery,completed
ORD-0016069,R-0025,2025-02-07,17.68,web,delivery,completed
ORD-0016070,R-0025,2025-02-22,20.15,web,delivery,completed
ORD-0016071,R-0025,2025-02-22,39.06,app,delivery,completed
ORD-0016072,R-0025,2025-02-01,27.04,app,delivery,COMPLETED
ORD-0016073,R-0025,2025-02-15,64.82,web,delivery,completed
ORD-0016074,R-0025,2025-02-02,29.33,web,pickup,completed
ORD-0016075,R-0025,2025-02-03,39.59,app,delivery,completed
ORD-0016076,R-0025,2025-02-02,22.62,web,delivery,COMPLETED
ORD-0016077,R-0025,2025-02-22,17.43,app,delivery,completed
ORD-0016078,R-0025,2025-02-16,55.28,app,delivery,completed
ORD-0016079,R-0025,2025-02-15,14.58,web,delivery,completed
ORD-0016080,R-0025,2025-02-07,25.83,app,delivery,Completed
ORD-0016081,R-0025,2025-02-01,24.42,web,delivery,completed
ORD-0016082,R-0025,2025-02-07,18.94,web,delivery,completed
ORD-0016083,R-0025,2025-02-09,26.62,web,delivery,completed
ORD-0016084,R-0025,2025-02-24,20.53,app,delivery,completed
ORD-0016085,R-0025,2025-02-05,15.87,app,delivery,Completed
ORD-0016086,R-0025,2025-02-07,14.75,web,delivery,Completed
ORD-0016087,R-0025,2025-02-04,25.36,web,pickup,completed
ORD-0016088,R-0025,2025-02-22,17.67,app,pickup,completed
ORD-0016089,R-0025,2025-02-05,17.96,web,delivery,completed
ORD-0016090,R-0025,2025-02-03,16.12,web,delivery,completed
ORD-0016091,R-0025,2025-02-15,17.58,app,pickup,completed
ORD-0016092,R-0025,2025-02-15,22.17,app,delivery,completed
ORD-0016093,R-0025,2025-02-13,13.87,app,delivery,completed
ORD-0016094,R-0025,2025-02-24,19.34,app,delivery,completed
ORD-0016095,R-0025,2025-02-16,28.70,app,delivery,completed
ORD-0016096,R-0025,2025-02-01,29.05,app,delivery,completed
ORD-0016097,R-0025,2025-02-09,19.53,web,delivery,completed
ORD-0016098,R-0025,2025-02-22,17.98,app,delivery,completed
ORD-0016099,R-0025,2025-02-04,33.10,web,delivery,cancelled
ORD-0016100,R-0025,2025-02-24,25.02,web,delivery,completed
ORD-0016101,R-0025,2025-02-15,28.09,web,delivery,Completed
ORD-0016102,R-0025,2025-02-09,36.63,app,delivery,completed
ORD-0016103,R-0025,2025-02-07,33.99,app,delivery,completed
ORD-0016104,R-0025,2025-02-09,32.06,app,delivery,completed
ORD-0016105,R-0025,2025-02-02,12.41,web,pickup,completed
ORD-0016106,R-0025,2025-02-16,19.06,web,delivery,COMPLETED
ORD-0016107,R-0025,2025-02-08,14.40,web,delivery,completed
ORD-0016108,R-0025,2025-02-25,35.09,app,delivery,completed
ORD-0016109,R-0025,2025-02-05,19.08,app,delivery,completed
ORD-0016110,R-0025,2025-02-14,17.80,web,delivery,completed
ORD-0016111,R-0025,2025-02-21,26.14,web,delivery,completed
ORD-0016112,R-0025,2025-02-22,29.29,web,pickup,completed
ORD-0016113,R-0025,2025-02-07,27.74,web,pickup,completed
ORD-0016114,R-0025,2025-02-27,21.80,web,delivery,completed
ORD-0016115,R-0025,2025-02-27,33.26,web,pickup,completed
ORD-0016116,R-0025,2025-02-12,19.22,app,delivery,completed
ORD-0016117,R-0025,2025-02-14,13.66,app,pickup,Completed
ORD-0016118,R-0025,2025-02-09,20.32,app,delivery,Completed
ORD-0016119,R-0025,2025-02-12,18.56,app,delivery,completed
ORD-0025558,R-0050,2025-02-27,32.02,web,pickup,completed
ORD-0025559,R-0050,2025-02-05,19.95,web,delivery,completed
ORD-0025560,R-0050,2025-02-08,19.95,app,pickup,completed
ORD-0025561,R-0050,2025-02-24,54.80,app,pickup,COMPLETED
ORD-0025562,R-0050,2025-02-21,29.12,app,delivery,completed
ORD-0025563,R-0050,2025-02-07,58.35,app,delivery,completed
ORD-0025564,R-0050,2025-02-02,25.33,app,pickup,COMPLETED
ORD-0025565,R-0050,2025-02-08,30.18,app,delivery,completed
ORD-0025566,R-0050,2025-02-08,32.37,app,delivery,completed
ORD-0025567,R-0050,2025-02-14,40.32,web,delivery,completed
ORD-0025568,R-0050,2025-02-28,10.07,app,delivery,COMPLETED
ORD-0025569,R-0050,2025-02-15,21.33,app,pickup,completed
ORD-0025570,R-0050,2025-02-23,31.92,app,pickup,completed
ORD-0025571,R-0050,2025-02-05,43.67,app,pickup,completed
ORD-0043963,R-0104,2025-02-28,24.63,web,delivery,completed
ORD-0043964,R-0104,2025-02-28,41.88,web,pickup,Completed
ORD-0048724,R-0119,2025-02-21,33.72,app,delivery,completed
ORD-0048725,R-0119,2025-02-21,36.31,app,delivery,completed
ORD-0048726,R-0119,2025-02-26,14.29,web,delivery,completed
ORD-0048727,R-0119,2025-02-01,21.66,web,pickup,completed
ORD-0048728,R-0119,2025-02-26,19.98,app,delivery,completed
ORD-0048729,R-0119,2025-02-03,23.83,web,delivery,completed
ORD-0048730,R-0119,2025-02-08,19.40,app,pickup,completed
ORD-0048731,R-0119,2025-02-15,21.24,web,pickup,completed
ORD-0048732,R-0119,2025-02-12,15.22,app,pickup,completed
ORD-0048733,R-0119,2025-02-21,62.20,app,delivery,completed
ORD-0048734,R-0119,2025-02-17,25.03,app,delivery,Completed
ORD-0048735,R-0119,2025-02-13,13.68,app,delivery,completed
ORD-0048736,R-0119,2025-02-19,36.16,app,pickup,Completed
ORD-0048737,R-0119,2025-02-28,22.81,web,pickup,completed
ORD-0048738,R-0119,2025-02-18,24.22,app,pickup,completed
ORD-0048739,R-0119,2025-02-04,57.99,app,pickup,completed
ORD-0048740,R-0119,2025-02-07,19.12,app,pickup,completed
ORD-0048741,R-0119,2025-02-08,39.42,app,pickup,COMPLETED
ORD-0048742,R-0119,2025-02-07,44.19,app,pickup,completed
ORD-0048743,R-0119,2025-02-01,33.26,web,pickup,Completed
ORD-0048744,R-0119,2025-02-20,13.80,web,delivery,completed
ORD-0048745,R-0119,2025-02-17,32.22,web,delivery,completed
ORD-0048746,R-0119,2025-02-05,27.52,app,pickup,completed
ORD-0051083,R-0126,2025-02-19,26.54,web,delivery,completed
ORD-0051084,R-0126,2025-02-17,36.59,web,delivery,completed
ORD-0051085,R-0126,2025-02-08,21.32,web,delivery,completed
ORD-0051086,R-0126,2025-02-17,15.09,app,pickup,completed
ORD-0051087,R-0126,2025-02-09,33.59,app,delivery,completed
ORD-0051088,R-0126,2025-02-09,13.63,app,delivery,Completed
ORD-0051089,R-0126,2025-02-10,23.90,web,delivery,completed
ORD-0051090,R-0126,2025-02-05,34.60,app,delivery,completed
ORD-0051091,R-0126,2025-02-28,19.05,web,pickup,completed
ORD-0051092,R-0126,2025-02-18,40.70,web,pickup,completed
ORD-0051093,R-0126,2025-02-09,37.20,app,pickup,completed
ORD-0051094,R-0126,2025-02-02,21.22,web,pickup,cancelled
ORD-0051095,R-0126,2025-02-04,33.76,web,delivery,completed
ORD-0051096,R-0126,2025-02-26,16.59,app,delivery,completed
ORD-0051097,R-0126,2025-02-23,59.99,web,pickup,completed
ORD-0051098,R-0126,2025-02-11,13.12,app,pickup,completed
ORD-0051099,R-0126,2025-02-20,25.25,web,pickup,Completed
ORD-0051100,R-0126,2025-02-03,26.17,app,pickup,completed
ORD-0051101,R-0126,2025-02-09,20.87,web,delivery,completed
ORD-0051102,R-0126,2025-02-16,23.77,web,delivery,REFUNDED
ORD-0051103,R-0126,2025-02-16,18.41,web,delivery,completed
ORD-0051104,R-0126,2025-02-13,27.91,web,delivery,completed
ORD-0051105,R-0126,2025-02-06,20.70,app,pickup,completed
ORD-0051106,R-0126,2025-02-02,29.32,app,pickup,completed
ORD-0051107,R-0126,2025-02-27,41.91,app,pickup,completed
ORD-0051108,R-0126,2025-02-02,42.75,web,delivery,refunded
ORD-0051109,R-0126,2025-02-06,16.87,web,delivery,completed
ORD-0051110,R-0126,2025-02-22,41.31,app,delivery,COMPLETED
ORD-0051111,R-0126,2025-02-03,40.34,app,delivery,COMPLETED
ORD-0051112,R-0126,2025-02-24,17.19,app,delivery,COMPLETED
ORD-0051113,R-0126,2025-02-24,16.63,web,delivery,completed
ORD-0051114,R-0126,2025-02-28,35.41,app,delivery,completed
ORD-0051115,R-0126,2025-02-09,18.28,web,delivery,completed
ORD-0051116,R-0126,2025-02-26,24.30,web,pickup,completed
ORD-0051117,R-0126,2025-02-09,26.20,app,delivery,completed
ORD-0051118,R-0126,2025-02-12,39.07,web,pickup,Completed
ORD-0051119,R-0126,2025-02-08,37.09,web,pickup,completed
ORD-0051120,R-0126,2025-02-02,66.83,app,delivery,completed
ORD-0051121,R-0126,2025-02-28,17.81,web,delivery,completed
ORD-0051122,R-0126,2025-02-06,22.58,web,delivery,completed
ORD-0051123,R-0126,2025-02-25,22.60,web,delivery,completed
ORD-0051124,R-0126,2025-02-01,48.77,web,delivery,completed
ORD-0051125,R-0126,2025-02-10,20.61,app,pickup,completed
ORD-0051126,R-0126,2025-02-03,16.42,app,delivery,completed
ORD-0051127,R-0126,2025-02-15,55.91,web,pickup,completed
ORD-0051128,R-0126,2025-02-21,57.11,web,delivery,completed
ORD-0051129,R-0126,2025-02-17,17.56,app,pickup,completed
ORD-0051130,R-0126,2025-02-17,24.52,web,delivery,completed
ORD-0051131,R-0126,2025-02-03,27.56,app,delivery,completed
ORD-0051132,R-0126,2025-02-07,52.15,app,pickup,cancelled
ORD-0051133,R-0126,2025-02-24,20.21,app,delivery,completed
ORD-0051134,R-0126,2025-02-28,15.18,app,pickup,completed
ORD-0051135,R-0126,2025-02-14,12.76,app,delivery,completed
ORD-0051136,R-0126,2025-02-28,11.99,app,delivery,completed
ORD-0051137,R-0126,2025-02-02,38.25,web,delivery,completed
ORD-0051138,R-0126,2025-02-06,20.01,app,delivery,completed
ORD-0051139,R-0126,2025-02-15,29.69,app,delivery,completed
ORD-0051140,R-0126,2025-02-07,18.21,app,delivery,completed
ORD-0051141,R-0126,2025-02-07,39.99,web,delivery,completed
ORD-0051142,R-0126,2025-02-24,36.64,app,delivery,completed
ORD-0051143,R-0126,2025-02-01,26.09,app,delivery,completed
ORD-0051144,R-0126,2025-02-02,22.56,web,delivery,completed
ORD-0059219,R-0143,2025-02-22,67.69,app,pickup,completed
ORD-0059220,R-0143,2025-02-18,15.64,web,pickup,completed
ORD-0059221,R-0143,2025-02-14,90.70,app,delivery,completed
ORD-0059222,R-0143,2025-02-11,32.69,app,pickup,completed
ORD-0059223,R-0143,2025-02-20,40.48,app,pickup,completed
ORD-0059224,R-0143,2025-02-21,54.41,app,delivery,completed
ORD-0059225,R-0143,2025-02-24,46.71,web,delivery,completed
ORD-0059226,R-0143,2025-02-14,39.09,app,pickup,completed
ORD-0059227,R-0143,2025-02-10,31.97,app,pickup,completed
ORD-0059228,R-0143,2025-02-24,26.61,app,pickup,completed
ORD-0059229,R-0143,2025-02-13,52.24,app,pickup,completed
ORD-0059230,R-0143,2025-02-22,82.60,web,pickup,cancelled
ORD-0059231,R-0143,2025-02-19,23.53,web,pickup,Cancelled
ORD-0059232,R-0143,2025-02-15,35.90,app,delivery,completed
ORD-0059233,R-0143,2025-02-24,55.45,app,pickup,completed
ORD-0059234,R-0143,2025-02-20,30.16,app,pickup,completed
ORD-0059235,R-0143,2025-02-25,44.22,web,pickup,completed
ORD-0059236,R-0143,2025-02-14,40.64,app,pickup,completed
ORD-0059237,R-0143,2025-02-28,75.98,app,pickup,COMPLETED
ORD-0059238,R-0143,2025-02-16,45.44,app,pickup,completed
ORD-0059239,R-0143,2025-02-15,50.96,web,pickup,completed
ORD-0059240,R-0143,2025-02-09,34.96,app,delivery,completed
ORD-0059241,R-0143,2025-02-22,50.68,web,pickup,completed
ORD-0059242,R-0143,2025-02-23,27.59,app,delivery,refunded
ORD-0059243,R-0143,2025-02-27,103.32,web,pickup,completed
ORD-0061496,R-0154,2025-02-27,25.46,app,delivery,completed
ORD-0061497,R-0154,2025-02-28,30.80,app,delivery,completed
ORD-0073958,R-0171,2025-02-23,26.68,app,delivery,completed
ORD-0073959,R-0171,2025-02-23,12.48,web,pickup,completed
ORD-0073960,R-0171,2025-02-23,22.93,app,delivery,completed
ORD-0073961,R-0171,2025-02-28,15.18,app,delivery,Completed
ORD-0073962,R-0171,2025-02-25,31.76,web,pickup,completed
ORD-0073963,R-0171,2025-02-28,23.17,web,pickup,completed
ORD-0073964,R-0171,2025-02-28,20.77,web,pickup,completed
ORD-0073965,R-0171,2025-02-28,23.40,web,pickup,completed
ORD-0073966,R-0171,2025-02-24,21.01,web,delivery,Completed
ORD-0073967,R-0171,2025-02-26,21.63,app,delivery,completed
ORD-0075229,R-0175,2025-02-09,25.83,web,delivery,COMPLETED
ORD-0075230,R-0175,2025-02-26,22.17,app,delivery,completed
ORD-0075231,R-0175,2025-02-11,39.62,web,delivery,completed
ORD-0075232,R-0175,2025-02-10,24.66,app,delivery,completed
ORD-0079644,R-0184,2025-02-01,32.46,app,delivery,Completed
ORD-0079645,R-0184,2025-02-22,15.67,app,delivery,completed
ORD-0079646,R-0184,2025-02-26,16.56,web,pickup,cancelled
ORD-0079647,R-0184,2025-02-19,20.29,web,pickup,completed
ORD-0079648,R-0184,2025-02-15,37.51,app,pickup,completed
ORD-0079649,R-0184,2025-02-21,25.78,app,pickup,completed
ORD-0079650,R-0184,2025-02-16,14.18,web,pickup,COMPLETED
ORD-0079651,R-0184,2025-02-24,27.54,web,pickup,completed
ORD-0079652,R-0184,2025-02-13,27.90,app,delivery,completed
ORD-0079653,R-0184,2025-02-08,8.27,web,delivery,completed
ORD-0079654,R-0184,2025-02-12,17.32,app,pickup,completed
ORD-0079655,R-0184,2025-02-22,12.28,web,delivery,completed
ORD-0079656,R-0184,2025-02-05,23.55,web,pickup,completed
ORD-0079657,R-0184,2025-02-03,14.65,app,delivery,completed
ORD-0079658,R-0184,2025-02-04,18.79,web,pickup,completed
ORD-0079659,R-0184,2025-02-12,18.62,web,delivery,completed
ORD-0079660,R-0184,2025-02-22,25.30,app,delivery,completed
ORD-0079661,R-0184,2025-02-21,10.45,web,delivery,COMPLETED
ORD-0079662,R-0184,2025-02-20,20.18,app,delivery,completed
ORD-0079663,R-0184,2025-02-02,24.25,web,pickup,completed
ORD-0079664,R-0184,2025-02-22,9.46,app,delivery,completed
ORD-0079665,R-0184,2025-02-28,14.99,app,delivery,completed
ORD-0079666,R-0184,2025-02-08,16.24,web,delivery,completed
ORD-0079667,R-0184,2025-02-25,17.78,app,delivery,completed
ORD-0079668,R-0184,2025-02-26,14.40,web,pickup,completed
ORD-0079669,R-0184,2025-02-21,20.29,web,delivery,completed
ORD-0079670,R-0184,2025-02-15,21.57,app,delivery,completed
ORD-0079671,R-0184,2025-02-03,13.98,web,delivery,completed
ORD-0079672,R-0184,2025-02-16,15.08,web,delivery,completed
ORD-0079673,R-0184,2025-02-03,9.95,web,delivery,completed
ORD-0079674,R-0184,2025-02-11,13.60,web,pickup,completed
ORD-0079675,R-0184,2025-02-20,18.21,web,pickup,completed
ORD-0079676,R-0184,2025-02-25,22.40,web,pickup,completed
ORD-0079677,R-0184,2025-02-21,16.57,app,delivery,completed
ORD-0079678,R-0184,2025-02-15,15.83,app,delivery,completed
ORD-0079679,R-0184,2025-02-02,22.05,app,pickup,completed
ORD-0079680,R-0184,2025-02-01,29.03,app,delivery,COMPLETED
ORD-0079681,R-0184,2025-02-27,30.71,web,delivery,completed
ORD-0079682,R-0184,2025-02-01,44.48,app,delivery,completed
ORD-0079683,R-0184,2025-02-07,13.96,web,pickup,completed
ORD-0079684,R-0184,2025-02-24,19.03,web,delivery,completed
ORD-0079685,R-0184,2025-02-19,26.08,app,pickup,COMPLETED
ORD-0079686,R-0184,2025-02-01,16.18,app,pickup,completed
ORD-0079687,R-0184,2025-02-06,20.50,web,pickup,completed
ORD-0079688,R-0184,2025-02-08,19.57,app,pickup,completed
ORD-0079689,R-0184,2025-02-21,11.56,app,pickup,completed
ORD-0079690,R-0184,2025-02-02,15.08,app,pickup,completed
ORD-0079691,R-0184,2025-02-10,19.21,app,delivery,completed
ORD-0079692,R-0184,2025-02-13,26.92,web,delivery,completed
ORD-0079693,R-0184,2025-02-19,21.24,web,pickup,COMPLETED
ORD-0079694,R-0184,2025-02-05,17.43,web,delivery,completed
ORD-0079695,R-0184,2025-02-16,13.10,app,pickup,completed
ORD-0079696,R-0184,2025-02-17,10.63,app,pickup,COMPLETED
ORD-0079697,R-0184,2025-02-09,30.75,web,delivery,completed
ORD-0079698,R-0184,2025-02-26,9.16,app,delivery,completed
ORD-0079699,R-0184,2025-02-08,22.22,app,pickup,completed
ORD-0079700,R-0184,2025-02-22,29.26,web,pickup,completed
ORD-0079701,R-0184,2025-02-15,10.49,web,pickup,COMPLETED
ORD-0079702,R-0184,2025-02-22,34.21,app,delivery,completed
ORD-0079703,R-0184,2025-02-25,10.55,web,delivery,COMPLETED
ORD-0091047,R-0207,2025-02-05,97.00,web,pickup,completed
ORD-0091048,R-0207,2025-02-02,63.76,app,pickup,completed
ORD-0091049,R-0207,2025-02-04,54.86,app,pickup,completed
ORD-0091050,R-0207,2025-02-06,34.70,app,pickup,completed
ORD-0091051,R-0207,2025-02-20,28.21,web,pickup,Completed
ORD-0091052,R-0207,2025-02-04,71.26,app,delivery,completed
ORD-0091053,R-0207,2025-02-13,88.95,app,pickup,completed
ORD-0091054,R-0207,2025-02-06,37.33,app,pickup,Completed
ORD-0091055,R-0207,2025-02-25,62.57,web,delivery,completed
ORD-0091056,R-0207,2025-02-25,49.16,web,delivery,COMPLETED
ORD-0091057,R-0207,2025-02-01,39.88,app,delivery,completed
ORD-0091058,R-0207,2025-02-28,109.17,web,pickup,completed
ORD-0091059,R-0207,2025-02-04,54.58,web,pickup,completed
ORD-0091060,R-0207,2025-02-14,37.99,app,pickup,completed
ORD-0101681,R-0230,2025-02-27,34.01,web,delivery,completed
ORD-0101682,R-0230,2025-02-26,39.98,app,delivery,completed
ORD-0101683,R-0230,2025-02-27,37.18,web,delivery,completed
ORD-0105231,R-0236,2025-02-16,38.30,web,pickup,completed
ORD-0105232,R-0236,2025-02-05,42.28,web,delivery,completed
ORD-0105233,R-0236,2025-02-23,53.07,web,delivery,completed
ORD-0105234,R-0236,2025-02-22,28.88,app,delivery,completed
ORD-0105235,R-0236,2025-02-14,22.84,web,delivery,completed
ORD-0105236,R-0236,2025-02-07,34.58,app,pickup,completed
ORD-0105237,R-0236,2025-02-18,16.77,app,delivery,completed
ORD-0105238,R-0236,2025-02-21,35.20,web,pickup,completed
ORD-0105239,R-0236,2025-02-24,18.67,app,delivery,completed
ORD-0105240,R-0236,2025-02-16,37.82,app,delivery,completed
ORD-0105241,R-0236,2025-02-15,19.56,web,delivery,completed
ORD-0105242,R-0236,2025-02-22,32.15,web,delivery,completed
ORD-0105243,R-0236,2025-02-08,36.19,web,delivery,completed
ORD-0105244,R-0236,2025-02-16,30.45,web,pickup,completed
ORD-0105245,R-0236,2025-02-01,37.10,web,pickup,completed
ORD-0105246,R-0236,2025-02-28,26.49,web,delivery,completed
ORD-0105247,R-0236,2025-02-23,40.17,app,pickup,completed
ORD-0105248,R-0236,2025-02-21,39.41,app,delivery,completed
ORD-0105249,R-0236,2025-02-09,45.86,web,delivery,COMPLETED
ORD-0105250,R-0236,2025-02-08,28.41,app,pickup,Completed
ORD-0105251,R-0236,2025-02-26,24.00,web,delivery,completed
ORD-0105252,R-0236,2025-02-21,21.32,app,delivery,completed
ORD-0105253,R-0236,2025-02-02,20.35,app,pickup,completed
ORD-0105254,R-0236,2025-02-20,42.25,web,delivery,completed
ORD-0132554,R-0324,2025-02-07,11.49,web,pickup,completed
ORD-0132555,R-0324,2025-02-28,16.49,app,delivery,completed
ORD-0132556,R-0324,2025-02-28,17.60,web,delivery,Completed
ORD-0132557,R-0324,2025-02-07,56.14,web,pickup,COMPLETED
ORD-0132558,R-0324,2025-02-02,57.62,app,delivery,completed
ORD-0132559,R-0324,2025-02-22,21.37,web,pickup,completed
ORD-0132560,R-0324,2025-02-05,14.38,web,delivery,completed
ORD-0132561,R-0324,2025-02-04,37.73,app,pickup,cancelled
ORD-0132562,R-0324,2025-02-22,33.80,app,delivery,completed
ORD-0132563,R-0324,2025-02-20,25.96,web,delivery,COMPLETED
ORD-0132564,R-0324,2025-02-26,39.15,app,delivery,completed
ORD-0132565,R-0324,2025-02-18,37.66,app,pickup,completed
ORD-0132566,R-0324,2025-02-27,18.06,app,pickup,completed
ORD-0132567,R-0324,2025-02-20,36.82,app,pickup,completed
ORD-0132568,R-0324,2025-02-10,24.71,app,delivery,COMPLETED
ORD-0132569,R-0324,2025-02-18,21.92,app,delivery,completed
ORD-0132570,R-0324,2025-02-28,49.53,web,pickup,completed
ORD-0132571,R-0324,2025-02-08,21.05,web,pickup,completed
ORD-0132572,R-0324,2025-02-15,21.86,app,delivery,completed
ORD-0132573,R-0324,2025-02-12,15.47,app,delivery,completed
ORD-0132574,R-0324,2025-02-21,30.24,app,delivery,completed
ORD-0134736,R-0330,2025-02-26,19.38,app,delivery,completed
ORD-0134737,R-0330,2025-02-24,19.86,app,pickup,completed
ORD-0134738,R-0330,2025-02-20,22.29,web,delivery,completed
ORD-0134739,R-0330,2025-02-22,24.39,web,delivery,completed
ORD-0134740,R-0330,2025-02-26,30.77,app,pickup,completed
ORD-0134741,R-0330,2025-02-15,39.53,web,pickup,COMPLETED
ORD-0134742,R-0330,2025-02-15,26.37,app,pickup,completed
ORD-0134743,R-0330,2025-02-28,37.65,web,pickup,completed
ORD-0134744,R-0330,2025-02-14,37.40,web,pickup,completed
ORD-0134745,R-0330,2025-02-28,41.41,web,pickup,completed
ORD-0134746,R-0330,2025-02-22,14.41,app,pickup,completed
ORD-0134747,R-0330,2025-02-22,23.00,web,pickup,completed
ORD-0140443,R-0344,2025-02-21,24.14,app,delivery,completed
ORD-0140444,R-0344,2025-02-19,22.13,app,delivery,COMPLETED
ORD-0140445,R-0344,2025-02-23,24.01,app,pickup,COMPLETED
ORD-0140446,R-0344,2025-02-20,27.09,app,delivery,completed
ORD-0140447,R-0344,2025-02-27,24.41,app,pickup,completed
ORD-0140448,R-0344,2025-02-24,16.71,app,pickup,completed
ORD-0140449,R-0344,2025-02-21,25.89,app,delivery,completed
ORD-0140450,R-0344,2025-02-23,51.91,app,delivery,completed
ORD-0140451,R-0344,2025-02-28,26.32,app,delivery,completed
ORD-0140452,R-0344,2025-02-27,11.78,web,pickup,completed
ORD-0140453,R-0344,2025-02-19,26.82,app,pickup,cancelled
ORD-0140454,R-0344,2025-02-21,39.89,web,delivery,completed
ORD-0140455,R-0344,2025-02-18,44.02,app,delivery,completed
ORD-0140456,R-0344,2025-02-22,30.34,web,pickup,completed
ORD-0140457,R-0344,2025-02-23,16.91,app,delivery,cancelled
ORD-0147963,R-0357,2025-02-27,36.16,web,delivery,completed
ORD-0147964,R-0357,2025-02-22,42.31,app,pickup,COMPLETED
ORD-0147965,R-0357,2025-02-23,27.86,web,delivery,completed
ORD-0147966,R-0357,2025-02-27,22.59,web,delivery,completed
ORD-0147967,R-0357,2025-02-21,39.95,app,delivery,completed
ORD-0147968,R-0357,2025-02-24,57.72,web,delivery,Completed
ORD-0147969,R-0357,2025-02-21,92.45,web,pickup,completed
ORD-0147970,R-0357,2025-02-25,40.90,web,pickup,cancelled
ORD-0147971,R-0357,2025-02-22,12.51,web,delivery,completed
ORD-0147972,R-0357,2025-02-22,28.85,app,delivery,Completed
ORD-0147973,R-0357,2025-02-28,62.53,web,pickup,completed
ORD-0147974,R-0357,2025-02-18,11.52,web,pickup,completed
ORD-0147975,R-0357,2025-02-24,20.62,web,delivery,COMPLETED
ORD-0147976,R-0357,2025-02-22,51.25,web,delivery,Cancelled
ORD-0147977,R-0357,2025-02-26,21.66,app,delivery,cancelled
ORD-0147978,R-0357,2025-02-19,39.78,web,pickup,completed
ORD-0147979,R-0357,2025-02-26,20.01,web,pickup,completed
ORD-0147980,R-0357,2025-02-23,12.73,web,delivery,completed
ORD-0147981,R-0357,2025-02-28,20.47,web,delivery,completed
ORD-0147982,R-0357,2025-02-18,20.87,app,delivery,completed
ORD-0147983,R-0357,2025-02-27,26.76,web,delivery,COMPLETED
ORD-0147984,R-0357,2025-02-21,18.59,app,delivery,completed
ORD-0147985,R-0357,2025-02-22,24.15,web,delivery,completed
ORD-0147986,R-0357,2025-02-18,13.81,web,delivery,Completed
ORD-0147987,R-0357,2025-02-26,10.21,web,delivery,completed
ORD-0147988,R-0357,2025-02-21,28.99,web,pickup,completed
ORD-0150019,R-0358,2025-02-28,45.74,app,delivery,completed
ORD-0150020,R-0358,2025-02-26,68.24,app,delivery,completed
ORD-0150021,R-0358,2025-02-27,26.45,app,delivery,completed
ORD-0152164,R-0363,2025-02-05,32.98,app,pickup,completed
ORD-0152165,R-0363,2025-02-15,18.11,web,pickup,completed
ORD-0152166,R-0363,2025-02-28,22.43,app,pickup,completed
ORD-0152167,R-0363,2025-02-08,28.01,web,pickup,completed
ORD-0152168,R-0363,2025-02-13,12.46,app,delivery,COMPLETED
ORD-0152169,R-0363,2025-02-09,14.70,web,pickup,completed
ORD-0152170,R-0363,2025-02-13,14.04,app,pickup,completed
ORD-0152171,R-0363,2025-02-27,15.12,web,pickup,completed
ORD-0152172,R-0363,2025-02-01,21.52,web,pickup,completed
ORD-0152173,R-0363,2025-02-19,8.36,web,delivery,completed
ORD-0152174,R-0363,2025-02-18,24.06,app,delivery,completed
ORD-0152175,R-0363,2025-02-01,22.46,app,pickup,completed
ORD-0152176,R-0363,2025-02-02,15.19,web,pickup,completed
ORD-0152177,R-0363,2025-02-02,23.00,app,pickup,completed
ORD-0152178,R-0363,2025-02-16,18.23,web,pickup,completed
ORD-0152179,R-0363,2025-02-09,13.34,web,pickup,completed
ORD-0152180,R-0363,2025-02-07,10.64,app,pickup,COMPLETED
ORD-0152181,R-0363,2025-02-21,17.90,web,pickup,completed
ORD-0152182,R-0363,2025-02-28,10.25,web,pickup,completed
ORD-0152183,R-0363,2025-02-22,22.73,web,pickup,completed
ORD-0152184,R-0363,2025-02-05,13.80,web,pickup,completed
ORD-0152185,R-0363,2025-02-12,14.00,app,pickup,completed
ORD-0152186,R-0363,2025-02-15,13.61,web,pickup,Completed
ORD-0152187,R-0363,2025-02-07,18.23,app,pickup,completed
ORD-0152188,R-0363,2025-02-09,10.31,app,pickup,completed
ORD-0152189,R-0363,2025-02-22,10.69,web,pickup,COMPLETED
ORD-0152190,R-0363,2025-02-01,19.81,web,pickup,completed
ORD-0152191,R-0363,2025-02-18,14.73,web,pickup,completed
ORD-0152192,R-0363,2025-02-28,14.16,web,pickup,completed
ORD-0152193,R-0363,2025-02-21,9.61,web,pickup,completed
ORD-0152194,R-0363,2025-02-28,17.80,web,pickup,completed
ORD-0152195,R-0363,2025-02-09,26.33,web,pickup,completed
ORD-0152196,R-0363,2025-02-07,36.32,app,delivery,completed
ORD-0152197,R-0363,2025-02-14,20.91,web,pickup,completed
ORD-0152198,R-0363,2025-02-11,16.64,web,pickup,completed
ORD-0152199,R-0363,2025-02-09,13.56,web,pickup,completed
ORD-0152200,R-0363,2025-02-13,19.60,web,delivery,cancelled
ORD-0152201,R-0363,2025-02-23,13.72,web,delivery,completed
ORD-0152202,R-0363,2025-02-18,24.48,web,pickup,completed
ORD-0152203,R-0363,2025-02-25,17.60,web,pickup,completed
ORD-0152204,R-0363,2025-02-17,8.46,app,pickup,completed
ORD-0152205,R-0363,2025-02-15,18.07,web,pickup,completed
ORD-0152206,R-0363,2025-02-09,20.40,web,pickup,completed
ORD-0152207,R-0363,2025-02-01,17.85,web,pickup,COMPLETED
ORD-0152208,R-0363,2025-02-19,22.11,app,pickup,completed
ORD-0152209,R-0363,2025-02-15,23.81,app,delivery,completed
ORD-0152210,R-0363,2025-02-24,14.60,web,pickup,Completed
ORD-0152211,R-0363,2025-02-09,16.55,web,pickup,completed
ORD-0152212,R-0363,2025-02-24,14.77,web,pickup,completed
ORD-0152213,R-0363,2025-02-07,14.48,web,pickup,completed
ORD-0152214,R-0363,2025-02-03,38.45,web,pickup,completed
ORD-0152215,R-0363,2025-02-07,11.81,web,delivery,completed
ORD-0152216,R-0363,2025-02-16,12.88,web,pickup,Completed
ORD-0152217,R-0363,2025-02-23,19.94,web,delivery,completed
ORD-0152218,R-0363,2025-02-15,20.98,web,delivery,completed
ORD-0152219,R-0363,2025-02-12,11.49,web,pickup,completed
ORD-0152220,R-0363,2025-02-16,22.77,web,pickup,completed
ORD-0152221,R-0363,2025-02-27,33.11,web,pickup,refunded
ORD-0152222,R-0363,2025-02-18,16.70,app,pickup,COMPLETED
ORD-0152223,R-0363,2025-02-15,17.05,web,pickup,completed
ORD-0152224,R-0363,2025-02-14,32.56,web,pickup,completed
ORD-0152225,R-0363,2025-02-20,26.30,web,pickup,completed
ORD-0152226,R-0363,2025-02-24,16.11,web,pickup,completed
ORD-0152227,R-0363,2025-02-21,24.26,app,pickup,COMPLETED
ORD-0152228,R-0363,2025-02-14,17.90,web,delivery,COMPLETED
ORD-0160504,R-0375,2025-02-16,24.80,app,delivery,completed
ORD-0160505,R-0375,2025-02-18,16.32,web,pickup,refunded
ORD-0160506,R-0375,2025-02-18,66.17,web,delivery,completed
ORD-0160507,R-0375,2025-02-28,20.88,app,pickup,completed
ORD-0160508,R-0375,2025-02-21,17.93,app,delivery,COMPLETED
ORD-0160509,R-0375,2025-02-26,47.67,app,delivery,completed
ORD-0160510,R-0375,2025-02-24,33.41,web,pickup,completed
ORD-0160511,R-0375,2025-02-23,24.45,app,delivery,completed
ORD-0160512,R-0375,2025-02-28,32.34,app,delivery,completed
ORD-0160513,R-0375,2025-02-16,10.61,app,pickup,completed
ORD-0160514,R-0375,2025-02-28,77.82,web,delivery,completed
ORD-0160515,R-0375,2025-02-20,16.26,app,delivery,completed
ORD-0160516,R-0375,2025-02-22,44.73,web,pickup,completed
ORD-0160517,R-0375,2025-02-22,27.96,app,pickup,Completed
ORD-0160518,R-0375,2025-02-25,57.25,app,delivery,completed
ORD-0160519,R-0375,2025-02-28,13.33,app,pickup,completed
ORD-0160520,R-0375,2025-02-19,29.47,web,delivery,completed
ORD-0160521,R-0375,2025-02-16,31.04,app,pickup,completed
ORD-0160522,R-0375,2025-02-21,24.99,app,delivery,completed
ORD-0160523,R-0375,2025-02-16,21.21,web,delivery,completed
ORD-0161500,R-0376,2025-02-27,42.10,web,delivery,completed
ORD-0161501,R-0376,2025-02-22,46.54,web,pickup,completed
ORD-0161502,R-0376,2025-02-10,76.88,app,pickup,completed
ORD-0161503,R-0376,2025-02-08,35.05,web,delivery,completed
ORD-0161504,R-0376,2025-02-27,32.97,app,pickup,COMPLETED
ORD-0161505,R-0376,2025-02-15,33.09,web,delivery,completed
ORD-0161506,R-0376,2025-02-23,53.74,app,pickup,cancelled
ORD-0161507,R-0376,2025-02-14,42.18,web,pickup,completed
ORD-0161508,R-0376,2025-02-20,34.34,app,pickup,completed
ORD-0161509,R-0376,2025-02-21,81.25,app,delivery,completed
ORD-0161510,R-0376,2025-02-11,30.53,app,pickup,completed
ORD-0161511,R-0376,2025-02-15,34.78,app,delivery,cancelled
ORD-0161512,R-0376,2025-02-13,36.27,web,pickup,cancelled
ORD-0161513,R-0376,2025-02-25,46.18,web,pickup,completed
ORD-0161514,R-0376,2025-02-16,34.54,app,pickup,completed
ORD-0161515,R-0376,2025-02-22,54.20,app,delivery,cancelled
ORD-0161516,R-0376,2025-02-10,36.34,app,delivery,completed
ORD-0162499,R-0379,2025-02-03,29.58,web,delivery,completed
ORD-0162500,R-0379,2025-02-23,26.04,app,delivery,completed
ORD-0162501,R-0379,2025-02-25,17.69,web,delivery,completed
ORD-0162502,R-0379,2025-02-09,20.97,app,delivery,completed
ORD-0162503,R-0379,2025-02-18,11.52,web,delivery,COMPLETED
ORD-0162504,R-0379,2025-02-23,24.28,web,delivery,completed
ORD-0162505,R-0379,2025-02-07,20.35,web,pickup,Completed
ORD-0162506,R-0379,2025-02-13,11.19,app,delivery,completed
ORD-0162507,R-0379,2025-02-03,17.62,web,delivery,completed
ORD-0162508,R-0379,2025-02-17,29.30,web,delivery,COMPLETED
ORD-0162509,R-0379,2025-02-08,31.08,web,delivery,COMPLETED
ORD-0162510,R-0379,2025-02-23,17.02,web,pickup,completed
ORD-0162511,R-0379,2025-02-13,12.75,web,delivery,Completed
ORD-0162512,R-0379,2025-02-07,17.46,web,delivery,completed
ORD-0162513,R-0379,2025-02-14,24.72,web,delivery,completed
ORD-0162514,R-0379,2025-02-10,21.51,app,delivery,completed
ORD-0162515,R-0379,2025-02-24,21.21,web,delivery,completed
ORD-0162516,R-0379,2025-02-22,44.40,web,delivery,completed
ORD-0162517,R-0379,2025-02-23,37.44,app,delivery,completed
ORD-0162518,R-0379,2025-02-27,24.31,app,delivery,Completed
ORD-0178693,R-0420,2025-02-21,16.61,app,delivery,completed
ORD-0178694,R-0420,2025-02-28,24.72,web,pickup,completed
ORD-0178695,R-0420,2025-02-27,37.65,web,delivery,completed
ORD-0178696,R-0420,2025-02-23,18.99,web,delivery,completed
ORD-0178697,R-0420,2025-02-21,17.66,web,delivery,completed
ORD-0178698,R-0420,2025-02-21,23.23,web,delivery,completed
ORD-0185268,R-0426,2025-02-28,34.38,web,pickup,completed
ORD-0185269,R-0426,2025-02-06,22.35,web,pickup,completed
ORD-0185270,R-0426,2025-02-10,96.16,web,pickup,COMPLETED
ORD-0185271,R-0426,2025-02-08,70.70,web,pickup,COMPLETED
ORD-0185272,R-0426,2025-02-02,65.66,web,delivery,Completed
ORD-0185273,R-0426,2025-02-25,44.46,app,delivery,COMPLETED
ORD-0185274,R-0426,2025-02-16,75.23,app,delivery,completed
ORD-0185275,R-0426,2025-02-23,36.49,app,delivery,completed
ORD-0185276,R-0426,2025-02-15,40.13,app,pickup,completed
ORD-0185277,R-0426,2025-02-24,76.18,web,delivery,Completed
ORD-0185278,R-0426,2025-02-19,52.14,web,pickup,completed
ORD-0185279,R-0426,2025-02-11,62.17,web,delivery,completed
ORD-0185280,R-0426,2025-02-19,81.01,web,delivery,refunded
ORD-0185281,R-0426,2025-02-25,91.89,web,delivery,completed
ORD-0185282,R-0426,2025-02-06,29.64,app,pickup,completed
ORD-0185283,R-0426,2025-02-06,55.54,app,delivery,completed
ORD-0185284,R-0426,2025-02-26,48.26,web,delivery,completed
ORD-0185285,R-0426,2025-02-12,86.11,app,pickup,completed
ORD-0185286,R-0426,2025-02-14,42.44,app,delivery,completed
ORD-0185287,R-0426,2025-02-09,90.89,web,delivery,completed
ORD-0185288,R-0426,2025-02-22,74.72,web,pickup,completed
ORD-0185289,R-0426,2025-02-27,36.93,web,delivery,completed
ORD-0185290,R-0426,2025-02-20,26.53,web,delivery,completed
ORD-0192469,R-0446,2025-02-01,27.84,app,pickup,COMPLETED
ORD-0192470,R-0446,2025-02-27,53.00,app,pickup,completed
ORD-0192471,R-0446,2025-02-17,53.87,app,delivery,completed
ORD-0192472,R-0446,2025-02-16,35.20,web,delivery,completed
ORD-0192473,R-0446,2025-02-22,38.65,app,pickup,completed
ORD-0192474,R-0446,2025-02-02,37.38,app,delivery,completed
ORD-0192475,R-0446,2025-02-28,65.57,app,delivery,cancelled
ORD-0192476,R-0446,2025-02-18,40.64,web,delivery,completed
ORD-0192477,R-0446,2025-02-16,32.49,app,delivery,completed
ORD-0192478,R-0446,2025-02-20,29.01,web,delivery,completed
ORD-0192479,R-0446,2025-02-09,30.04,web,pickup,Cancelled
ORD-0192480,R-0446,2025-02-21,41.73,app,delivery,completed
ORD-0192481,R-0446,2025-02-07,37.18,web,delivery,completed
ORD-0192482,R-0446,2025-02-21,35.94,app,delivery,completed
ORD-0192483,R-0446,2025-02-01,54.00,app,pickup,completed
ORD-0192484,R-0446,2025-02-20,17.62,app,delivery,completed
ORD-0192485,R-0446,2025-02-22,39.60,app,pickup,completed
ORD-0192486,R-0446,2025-02-21,46.83,web,pickup,completed
ORD-0192487,R-0446,2025-02-24,40.37,app,pickup,completed
ORD-0192488,R-0446,2025-02-11,44.07,web,pickup,completed
ORD-0192489,R-0446,2025-02-26,79.09,app,pickup,completed
ORD-0192490,R-0446,2025-02-08,42.86,web,pickup,completed
ORD-0192491,R-0446,2025-02-13,24.76,web,delivery,completed
ORD-0192492,R-0446,2025-02-28,48.98,app,delivery,completed
ORD-0192493,R-0446,2025-02-23,50.50,app,delivery,completed
ORD-0192494,R-0446,2025-02-05,27.24,app,delivery,completed
ORD-0192495,R-0446,2025-02-08,33.53,app,pickup,completed
ORD-0192496,R-0446,2025-02-17,43.26,web,delivery,completed
ORD-0192497,R-0446,2025-02-13,42.13,app,pickup,completed
ORD-0192498,R-0446,2025-02-21,76.73,app,pickup,completed
ORD-0192499,R-0446,2025-02-04,42.95,app,delivery,completed
ORD-0192500,R-0446,2025-02-26,31.80,web,delivery,completed
ORD-0192501,R-0446,2025-02-24,44.54,app,pickup,completed
ORD-0192502,R-0446,2025-02-01,42.67,app,pickup,completed
ORD-0192503,R-0446,2025-02-18,34.47,app,delivery,completed
ORD-0192504,R-0446,2025-02-27,34.75,app,pickup,completed
ORD-0192505,R-0446,2025-02-28,58.55,app,pickup,completed
ORD-0192506,R-0446,2025-02-02,49.21,web,delivery,completed
ORD-0192507,R-0446,2025-02-19,63.82,app,delivery,completed
ORD-0192508,R-0446,2025-02-12,52.58,app,delivery,completed
ORD-0192509,R-0446,2025-02-25,64.59,app,delivery,completed
ORD-0192510,R-0446,2025-02-23,54.54,web,delivery,completed
ORD-0192511,R-0446,2025-02-07,62.94,app,delivery,completed
ORD-0192512,R-0446,2025-02-21,38.43,web,delivery,completed
ORD-0192513,R-0446,2025-02-12,29.49,web,delivery,completed
ORD-0192514,R-0446,2025-02-07,93.91,app,delivery,cancelled
ORD-0192515,R-0446,2025-02-01,20.57,app,delivery,completed
ORD-0192516,R-0446,2025-02-25,27.65,app,pickup,completed
ORD-0192517,R-0446,2025-02-14,48.63,app,delivery,completed
ORD-0192518,R-0446,2025-02-24,48.38,app,pickup,completed
ORD-0192519,R-0446,2025-02-22,58.06,app,delivery,completed
ORD-0192520,R-0446,2025-02-12,36.36,web,delivery,completed
ORD-0192521,R-0446,2025-02-23,43.61,web,pickup,completed
ORD-0192522,R-0446,2025-02-06,30.53,app,pickup,COMPLETED
ORD-0192523,R-0446,2025-02-27,24.80,web,delivery,completed
ORD-0192524,R-0446,2025-02-28,38.70,web,delivery,completed
ORD-0192525,R-0446,2025-02-01,17.26,web,delivery,completed
ORD-0192526,R-0446,2025-02-09,49.24,web,delivery,completed
ORD-0192527,R-0446,2025-02-03,44.73,app,pickup,completed
ORD-0192528,R-0446,2025-02-02,79.08,app,delivery,completed
ORD-0192529,R-0446,2025-02-05,28.00,web,delivery,Completed
ORD-0192530,R-0446,2025-02-12,18.44,app,pickup,completed
ORD-0192531,R-0446,2025-02-10,85.13,web,pickup,completed
ORD-0192532,R-0446,2025-02-07,32.88,app,delivery,completed
ORD-0192533,R-0446,2025-02-28,32.67,app,pickup,completed
ORD-0192534,R-0446,2025-02-22,42.35,app,pickup,completed
ORD-0192535,R-0446,2025-02-04,30.28,web,delivery,completed
ORD-0192536,R-0446,2025-02-13,34.93,app,delivery,completed
ORD-0192537,R-0446,2025-02-27,32.42,web,delivery,completed
ORD-0213319,R-0491,2025-02-07,17.12,app,pickup,completed
ORD-0213320,R-0491,2025-02-19,16.73,app,pickup,completed
ORD-0213321,R-0491,2025-02-15,18.99,web,delivery,completed
ORD-0213322,R-0491,2025-02-28,21.03,app,pickup,completed
ORD-0213323,R-0491,2025-02-11,41.66,app,delivery,completed
ORD-0213324,R-0491,2025-02-13,28.88,web,pickup,completed
ORD-0213325,R-0491,2025-02-01,21.20,app,pickup,completed
ORD-0213326,R-0491,2025-02-16,20.58,web,pickup,completed
ORD-0213327,R-0491,2025-02-14,20.97,app,delivery,completed
ORD-0213328,R-0491,2025-02-11,23.96,web,pickup,completed
ORD-0213329,R-0491,2025-02-14,19.58,app,pickup,completed
ORD-0213330,R-0491,2025-02-24,22.89,app,pickup,completed
ORD-0213331,R-0491,2025-02-24,20.41,web,pickup,completed
ORD-0213332,R-0491,2025-02-10,19.51,app,pickup,completed
ORD-0213333,R-0491,2025-02-01,32.51,app,pickup,completed
ORD-0213334,R-0491,2025-02-11,23.03,app,pickup,completed
ORD-0213335,R-0491,2025-02-13,27.24,app,delivery,completed
ORD-0213336,R-0491,2025-02-04,18.85,web,pickup,completed
ORD-0213337,R-0491,2025-02-10,25.37,app,pickup,completed
ORD-0213338,R-0491,2025-02-18,21.25,app,pickup,refunded
ORD-0213339,R-0491,2025-02-11,16.76,app,pickup,COMPLETED
ORD-0213340,R-0491,2025-02-13,25.98,web,pickup,COMPLETED
ORD-0213341,R-0491,2025-02-03,28.92,web,delivery,COMPLETED
ORD-0213342,R-0491,2025-02-14,17.84,web,pickup,completed
ORD-0213343,R-0491,2025-02-27,17.90,app,pickup,Completed
ORD-0213344,R-0491,2025-02-21,20.29,app,pickup,completed
ORD-0213345,R-0491,2025-02-03,21.64,web,pickup,COMPLETED
ORD-0213346,R-0491,2025-02-16,34.29,app,delivery,completed
ORD-0213347,R-0491,2025-02-14,26.24,app,pickup,completed
ORD-0213348,R-0491,2025-02-22,22.85,web,pickup,completed
ORD-0213349,R-0491,2025-02-04,18.57,web,pickup,completed
ORD-0213350,R-0491,2025-02-07,19.06,web,pickup,completed
ORD-0213351,R-0491,2025-02-21,24.82,web,pickup,completed
ORD-0213352,R-0491,2025-02-19,26.43,web,pickup,completed
ORD-0213353,R-0491,2025-02-12,17.72,app,pickup,COMPLETED
ORD-0213354,R-0491,2025-02-18,25.99,app,pickup,completed
ORD-0213355,R-0491,2025-02-09,35.64,web,pickup,completed
ORD-0213356,R-0491,2025-02-16,24.83,app,pickup,completed
ORD-0213357,R-0491,2025-02-15,39.55,app,pickup,completed
ORD-0213358,R-0491,2025-02-21,30.41,web,pickup,completed
ORD-0213359,R-0491,2025-02-01,28.48,web,pickup,completed
ORD-0213360,R-0491,2025-02-01,34.66,web,pickup,completed
ORD-0213361,R-0491,2025-02-22,25.80,app,pickup,completed
ORD-0213362,R-0491,2025-02-28,24.21,web,pickup,cancelled
ORD-0213363,R-0491,2025-02-14,20.06,web,pickup,completed
ORD-0213364,R-0491,2025-02-02,30.42,app,pickup,completed
ORD-0213365,R-0491,2025-02-25,93.86,app,pickup,completed
ORD-0213366,R-0491,2025-02-06,23.26,app,pickup,completed
ORD-0213367,R-0491,2025-02-14,20.22,app,pickup,completed
ORD-0213368,R-0491,2025-02-16,23.22,web,pickup,COMPLETED
ORD-0213369,R-0491,2025-02-23,14.93,app,pickup,completed
ORD-0213370,R-0491,2025-02-23,26.54,web,pickup,completed
ORD-0213371,R-0491,2025-02-06,30.43,app,pickup,completed
ORD-0213372,R-0491,2025-02-22,14.38,app,pickup,completed
ORD-0213373,R-0491,2025-02-23,33.53,app,pickup,completed
ORD-0213374,R-0491,2025-02-14,22.86,app,pickup,completed
ORD-0213375,R-0491,2025-02-20,29.24,web,delivery,completed
ORD-0213376,R-0491,2025-02-25,24.65,app,pickup,completed
ORD-0213377,R-0491,2025-02-07,24.30,app,pickup,completed
ORD-0213378,R-0491,2025-02-15,22.18,web,pickup,completed
ORD-0213379,R-0491,2025-02-22,18.53,app,delivery,completed
ORD-0213380,R-0491,2025-02-06,31.95,app,pickup,completed
ORD-0213381,R-0491,2025-02-20,21.92,web,pickup,COMPLETED
ORD-0213382,R-0491,2025-02-11,19.45,app,delivery,completed
ORD-0214907,R-0495,2025-02-25,51.04,app,pickup,completed
ORD-0214908,R-0495,2025-02-16,43.66,web,pickup,completed
ORD-0214909,R-0495,2025-02-18,26.37,app,delivery,completed
ORD-0214910,R-0495,2025-02-28,46.97,app,pickup,completed
ORD-0214911,R-0495,2025-02-20,62.75,web,delivery,completed
ORD-0214912,R-0495,2025-02-21,75.94,app,pickup,completed
ORD-0214913,R-0495,2025-02-19,87.47,app,delivery,completed
ORD-0214914,R-0495,2025-02-17,50.71,web,pickup,Completed
ORD-0214915,R-0495,2025-02-20,39.57,app,delivery,completed
ORD-0214916,R-0495,2025-02-27,29.78,web,pickup,completed
ORD-0224670,R-0525,2025-02-18,40.41,web,delivery,completed
ORD-0224671,R-0525,2025-02-18,23.79,web,delivery,completed
ORD-0224672,R-0525,2025-02-19,29.65,app,delivery,completed
ORD-0224673,R-0525,2025-02-28,17.78,app,delivery,completed
ORD-0224674,R-0525,2025-02-08,32.29,app,pickup,completed
ORD-0224675,R-0525,2025-02-08,18.53,app,pickup,completed
ORD-0224676,R-0525,2025-02-19,21.36,app,delivery,COMPLETED
ORD-0224677,R-0525,2025-02-01,44.25,web,delivery,completed
ORD-0224678,R-0525,2025-02-27,22.08,app,pickup,completed
ORD-0224679,R-0525,2025-02-10,30.37,web,pickup,Completed
ORD-0224680,R-0525,2025-02-13,52.63,web,delivery,completed
ORD-0224681,R-0525,2025-02-09,49.21,web,delivery,Completed
ORD-0224682,R-0525,2025-02-07,14.20,app,delivery,COMPLETED
ORD-0224683,R-0525,2025-02-20,54.26,app,pickup,completed
ORD-0224684,R-0525,2025-02-01,27.73,app,pickup,COMPLETED
ORD-0224685,R-0525,2025-02-05,15.87,app,pickup,Completed
ORD-0224686,R-0525,2025-02-28,21.81,app,pickup,completed
ORD-0224687,R-0525,2025-02-05,17.03,web,delivery,completed
ORD-0224688,R-0525,2025-02-10,12.31,web,delivery,completed
ORD-0224689,R-0525,2025-02-01,30.06,app,delivery,completed
ORD-0224690,R-0525,2025-02-24,20.42,app,delivery,completed
ORD-0224691,R-0525,2025-02-13,17.28,app,pickup,completed
ORD-0224692,R-0525,2025-02-11,28.45,web,pickup,COMPLETED
ORD-0224693,R-0525,2025-02-27,37.27,app,delivery,completed
ORD-0224694,R-0525,2025-02-10,28.80,web,pickup,completed
ORD-0224695,R-0525,2025-02-16,53.08,app,pickup,completed
ORD-0224696,R-0525,2025-02-09,31.09,web,pickup,completed
ORD-0224697,R-0525,2025-02-27,46.60,app,delivery,completed
ORD-0224698,R-0525,2025-02-16,28.05,web,delivery,completed
ORD-0224699,R-0525,2025-02-09,27.87,web,pickup,completed
ORD-0224700,R-0525,2025-02-04,12.40,web,delivery,completed
ORD-0224701,R-0525,2025-02-15,15.84,web,delivery,completed
ORD-0224702,R-0525,2025-02-26,30.13,app,pickup,completed
ORD-0224703,R-0525,2025-02-17,36.92,app,delivery,COMPLETED
ORD-0224704,R-0525,2025-02-28,15.87,app,delivery,completed
ORD-0224705,R-0525,2025-02-19,24.86,web,pickup,completed
ORD-0224706,R-0525,2025-02-21,22.21,app,delivery,Completed
ORD-0224707,R-0525,2025-02-22,23.16,web,pickup,completed
ORD-0224708,R-0525,2025-02-08,40.48,app,pickup,completed
ORD-0224709,R-0525,2025-02-01,25.79,app,pickup,completed
ORD-0224710,R-0525,2025-02-07,24.99,app,pickup,completed
ORD-0224711,R-0525,2025-02-06,39.48,web,pickup,completed
ORD-0224712,R-0525,2025-02-02,22.26,web,pickup,Completed
ORD-0224713,R-0525,2025-02-04,14.32,app,delivery,completed
ORD-0224714,R-0525,2025-02-17,17.81,app,pickup,completed
ORD-0224715,R-0525,2025-02-14,42.91,app,delivery,completed
ORD-0224716,R-0525,2025-02-27,13.66,web,pickup,refunded
ORD-0224717,R-0525,2025-02-28,22.73,app,delivery,completed
ORD-0224718,R-0525,2025-02-05,18.85,app,delivery,completed
ORD-0224719,R-0525,2025-02-22,28.53,app,delivery,completed
ORD-0224720,R-0525,2025-02-24,21.95,web,pickup,completed
ORD-0224721,R-0525,2025-02-06,12.63,app,pickup,completed
ORD-0224722,R-0525,2025-02-11,31.64,app,pickup,completed
ORD-0224723,R-0525,2025-02-20,52.80,app,pickup,completed
ORD-0224724,R-0525,2025-02-15,43.67,app,delivery,COMPLETED
ORD-0224725,R-0525,2025-02-21,51.19,web,delivery,completed
ORD-0224726,R-0525,2025-02-13,63.13,web,delivery,completed
ORD-0224727,R-0525,2025-02-28,29.81,app,delivery,completed
ORD-0227479,R-0531,2025-02-22,33.77,web,delivery,completed
ORD-0227480,R-0531,2025-02-06,25.11,web,delivery,completed
ORD-0227481,R-0531,2025-02-05,25.99,web,delivery,completed
ORD-0227482,R-0531,2025-02-26,20.96,app,pickup,completed
ORD-0227483,R-0531,2025-02-08,26.41,web,pickup,completed
ORD-0227484,R-0531,2025-02-23,35.27,web,delivery,refunded
ORD-0227485,R-0531,2025-02-22,31.45,web,delivery,completed
ORD-0227486,R-0531,2025-02-27,20.26,web,delivery,completed
ORD-0227487,R-0531,2025-02-13,22.34,web,pickup,completed
ORD-0227488,R-0531,2025-02-24,29.37,web,pickup,cancelled
ORD-0227489,R-0531,2025-02-28,25.38,web,delivery,completed
ORD-0227490,R-0531,2025-02-24,30.34,web,pickup,completed
ORD-0227491,R-0531,2025-02-19,35.51,web,pickup,completed
ORD-0227492,R-0531,2025-02-27,19.78,app,pickup,completed
ORD-0227493,R-0531,2025-02-24,47.05,web,pickup,COMPLETED
ORD-0227494,R-0531,2025-02-25,13.96,app,pickup,completed
ORD-0227495,R-0531,2025-02-08,23.37,web,delivery,COMPLETED
ORD-0227496,R-0531,2025-02-18,21.23,web,pickup,cancelled
ORD-0227497,R-0531,2025-02-15,30.37,web,pickup,completed
ORD-0230313,R-0538,2025-02-13,20.47,web,delivery,completed
ORD-0230314,R-0538,2025-02-28,41.32,web,pickup,completed
ORD-0230315,R-0538,2025-02-22,42.58,app,pickup,completed
ORD-0230316,R-0538,2025-02-08,19.88,web,delivery,refunded
ORD-0230317,R-0538,2025-02-25,45.92,web,pickup,completed
ORD-0230318,R-0538,2025-02-23,19.29,app,delivery,completed
ORD-0230319,R-0538,2025-02-08,29.57,app,delivery,completed
ORD-0230320,R-0538,2025-02-20,24.69,app,pickup,Completed
ORD-0230321,R-0538,2025-02-22,22.29,app,delivery,completed
ORD-0230322,R-0538,2025-02-06,20.65,web,pickup,completed
ORD-0230323,R-0538,2025-02-26,20.13,app,delivery,completed
ORD-0230324,R-0538,2025-02-18,16.12,app,pickup,completed
ORD-0230325,R-0538,2025-02-03,23.43,web,delivery,completed
ORD-0230326,R-0538,2025-02-27,30.72,app,delivery,completed
ORD-0230327,R-0538,2025-02-22,27.29,web,delivery,completed
ORD-0230328,R-0538,2025-02-24,21.77,web,pickup,completed
ORD-0230329,R-0538,2025-02-28,27.60,web,delivery,completed
ORD-0230330,R-0538,2025-02-24,34.95,web,delivery,COMPLETED
ORD-0230331,R-0538,2025-02-20,27.57,app,pickup,completed
ORD-0230332,R-0538,2025-02-03,26.53,web,delivery,completed
ORD-0230333,R-0538,2025-02-18,33.44,app,pickup,completed
ORD-0230334,R-0538,2025-02-05,30.63,web,pickup,completed
ORD-0230335,R-0538,2025-02-18,43.39,app,pickup,completed
ORD-0230336,R-0538,2025-02-07,26.06,web,pickup,completed
ORD-0230337,R-0538,2025-02-22,32.90,web,pickup,completed
ORD-0230338,R-0538,2025-02-11,27.12,app,pickup,completed
ORD-0230339,R-0538,2025-02-06,30.63,web,delivery,COMPLETED
ORD-0230340,R-0538,2025-02-21,23.36,web,pickup,Completed
ORD-0230341,R-0538,2025-02-14,34.30,web,delivery,completed
ORD-0230342,R-0538,2025-02-12,29.11,web,delivery,completed
ORD-0230343,R-0538,2025-02-07,25.47,app,pickup,completed
ORD-0230344,R-0538,2025-02-25,19.15,web,pickup,completed
ORD-0230345,R-0538,2025-02-02,25.19,web,pickup,completed
ORD-0230346,R-0538,2025-02-08,21.17,app,delivery,completed
ORD-0230347,R-0538,2025-02-25,41.60,app,delivery,completed
ORD-0230348,R-0538,2025-02-02,23.58,web,delivery,completed
ORD-0230349,R-0538,2025-02-09,23.12,app,pickup,completed
ORD-0230350,R-0538,2025-02-19,24.75,web,pickup,completed
ORD-0230351,R-0538,2025-02-03,34.71,app,pickup,completed
ORD-0230352,R-0538,2025-02-13,32.71,app,delivery,completed
ORD-0230353,R-0538,2025-02-03,34.97,web,pickup,completed
ORD-0230354,R-0538,2025-02-07,24.61,app,delivery,completed
ORD-0230355,R-0538,2025-02-10,32.55,app,pickup,completed
ORD-0230356,R-0538,2025-02-20,23.01,web,pickup,completed
ORD-0230357,R-0538,2025-02-14,26.89,app,pickup,completed
ORD-0230358,R-0538,2025-02-15,28.08,app,delivery,completed
ORD-0230359,R-0538,2025-02-05,26.41,app,delivery,completed
ORD-0230360,R-0538,2025-02-27,27.52,web,delivery,completed
ORD-0230361,R-0538,2025-02-13,25.80,web,delivery,completed
ORD-0230362,R-0538,2025-02-13,23.65,app,pickup,Completed
ORD-0230363,R-0538,2025-02-24,33.34,app,pickup,completed
ORD-0230364,R-0538,2025-02-06,22.03,app,delivery,completed
ORD-0230365,R-0538,2025-02-01,37.05,web,pickup,completed
ORD-0230366,R-0538,2025-02-20,13.33,web,pickup,completed
ORD-0230367,R-0538,2025-02-22,20.41,web,delivery,completed
ORD-0238859,R-0550,2025-02-16,44.88,web,delivery,completed
ORD-0238860,R-0550,2025-02-27,57.19,web,delivery,completed
ORD-0238861,R-0550,2025-02-08,54.49,app,delivery,Completed
ORD-0238862,R-0550,2025-02-03,39.89,web,delivery,completed
ORD-0242748,R-0559,2025-02-18,17.97,app,delivery,Completed
ORD-0242749,R-0559,2025-02-02,23.29,app,delivery,completed
ORD-0242750,R-0559,2025-02-08,39.62,web,delivery,completed
ORD-0242751,R-0559,2025-02-10,19.67,web,delivery,refunded
ORD-0242752,R-0559,2025-02-15,22.56,web,pickup,completed
ORD-0242753,R-0559,2025-02-22,18.10,app,pickup,completed
ORD-0242754,R-0559,2025-02-11,25.77,app,delivery,completed
ORD-0242755,R-0559,2025-02-27,23.21,app,delivery,completed
ORD-0242756,R-0559,2025-02-07,19.83,app,pickup,completed
ORD-0242757,R-0559,2025-02-26,26.15,app,delivery,completed
ORD-0242758,R-0559,2025-02-23,12.42,app,delivery,completed
ORD-0242759,R-0559,2025-02-02,17.17,web,delivery,completed
ORD-0242760,R-0559,2025-02-09,13.96,app,pickup,completed
ORD-0242761,R-0559,2025-02-08,20.88,app,pickup,completed
ORD-0242762,R-0559,2025-02-20,19.03,app,delivery,completed
ORD-0242763,R-0559,2025-02-22,21.55,app,pickup,completed
ORD-0242764,R-0559,2025-02-11,21.01,web,delivery,completed
ORD-0244704,R-0568,2025-02-13,38.64,app,delivery,cancelled
ORD-0244705,R-0568,2025-02-08,37.10,app,pickup,completed
ORD-0244706,R-0568,2025-02-22,27.34,app,pickup,completed
ORD-0244707,R-0568,2025-02-23,39.12,app,pickup,completed
ORD-0244708,R-0568,2025-02-25,32.80,web,delivery,completed
ORD-0244709,R-0568,2025-02-16,39.66,web,pickup,completed
ORD-0244710,R-0568,2025-02-22,45.48,app,delivery,completed
ORD-0244711,R-0568,2025-02-20,33.91,app,pickup,completed
ORD-0244712,R-0568,2025-02-21,42.75,app,delivery,completed
ORD-0244713,R-0568,2025-02-05,69.51,app,delivery,cancelled
ORD-0244714,R-0568,2025-02-24,63.40,app,pickup,completed
ORD-0244715,R-0568,2025-02-10,36.01,app,pickup,completed
ORD-0244716,R-0568,2025-02-26,48.72,web,delivery,completed
ORD-0244717,R-0568,2025-02-08,140.19,web,delivery,completed
ORD-0244718,R-0568,2025-02-26,37.94,web,delivery,Completed
ORD-0244719,R-0568,2025-02-15,33.46,web,pickup,completed
ORD-0244720,R-0568,2025-02-11,72.46,web,delivery,completed
ORD-0244721,R-0568,2025-02-19,30.47,app,pickup,completed
ORD-0245813,R-0570,2025-02-10,37.76,app,delivery,completed
ORD-0245814,R-0570,2025-02-04,22.91,app,delivery,completed
ORD-0245815,R-0570,2025-02-28,27.28,app,delivery,completed
ORD-0245816,R-0570,2025-02-13,31.18,web,pickup,completed
ORD-0245817,R-0570,2025-02-14,37.67,web,pickup,COMPLETED
ORD-0245818,R-0570,2025-02-20,28.06,app,delivery,Completed
ORD-0245819,R-0570,2025-02-21,21.21,web,delivery,completed
ORD-0245820,R-0570,2025-02-22,47.14,app,delivery,completed
ORD-0245821,R-0570,2025-02-26,28.95,web,delivery,Completed
ORD-0245822,R-0570,2025-02-28,27.31,app,delivery,completed
ORD-0245823,R-0570,2025-02-06,37.25,web,delivery,COMPLETED
ORD-0245824,R-0570,2025-02-24,24.40,app,pickup,completed
ORD-0245825,R-0570,2025-02-21,29.27,app,delivery,COMPLETED
ORD-0245826,R-0570,2025-02-21,59.11,app,delivery,completed
ORD-0245827,R-0570,2025-02-13,25.71,web,delivery,Completed
ORD-0245828,R-0570,2025-02-19,19.51,web,delivery,COMPLETED
ORD-0245829,R-0570,2025-02-05,36.17,web,delivery,completed
ORD-0245830,R-0570,2025-02-16,30.02,web,delivery,completed
ORD-0245831,R-0570,2025-02-15,26.88,app,delivery,completed
ORD-0245832,R-0570,2025-02-21,39.96,web,delivery,completed
ORD-0245833,R-0570,2025-02-01,25.69,web,delivery,completed
ORD-0245834,R-0570,2025-02-19,36.71,web,delivery,completed
ORD-0245835,R-0570,2025-02-02,35.96,web,delivery,completed
ORD-0245836,R-0570,2025-02-09,42.82,app,delivery,completed
ORD-0245837,R-0570,2025-02-02,36.81,web,delivery,completed
ORD-0245838,R-0570,2025-02-19,21.17,web,delivery,completed
ORD-0245839,R-0570,2025-02-15,46.85,web,delivery,completed
ORD-0245840,R-0570,2025-02-16,30.07,web,delivery,completed
ORD-0245841,R-0570,2025-02-20,24.29,web,delivery,completed
ORD-0245842,R-0570,2025-02-19,31.18,app,delivery,completed
ORD-0245843,R-0570,2025-02-08,28.14,app,delivery,completed
ORD-0245844,R-0570,2025-02-27,29.22,app,delivery,completed
ORD-0245845,R-0570,2025-02-06,24.68,app,delivery,Completed
ORD-0245846,R-0570,2025-02-17,23.52,app,delivery,completed
ORD-0245847,R-0570,2025-02-22,25.31,web,delivery,CANCELLED
ORD-0245848,R-0570,2025-02-22,37.35,web,delivery,completed
ORD-0245849,R-0570,2025-02-27,18.90,web,delivery,completed
ORD-0245850,R-0570,2025-02-18,42.09,web,pickup,Completed
ORD-0245851,R-0570,2025-02-24,30.90,app,delivery,cancelled
ORD-0245852,R-0570,2025-02-07,27.74,web,delivery,completed
ORD-0245853,R-0570,2025-02-05,25.89,app,delivery,completed
ORD-0245854,R-0570,2025-02-14,33.15,web,pickup,completed
ORD-0245855,R-0570,2025-02-22,29.33,web,delivery,completed
ORD-0245856,R-0570,2025-02-08,48.32,app,delivery,Completed
ORD-0245857,R-0570,2025-02-08,30.36,web,delivery,completed
ORD-0247748,R-0579,2025-02-14,19.37,web,delivery,completed
ORD-0247749,R-0579,2025-02-27,18.45,app,pickup,completed
ORD-0247750,R-0579,2025-02-09,17.52,app,delivery,completed
ORD-0247751,R-0579,2025-02-03,20.62,app,delivery,Completed
ORD-0247752,R-0579,2025-02-09,25.07,app,delivery,completed
ORD-0247753,R-0579,2025-02-25,30.74,app,delivery,completed
ORD-0247754,R-0579,2025-02-12,24.22,app,delivery,completed
ORD-0247755,R-0579,2025-02-24,6.80,app,delivery,Completed
ORD-0247756,R-0579,2025-02-11,20.80,app,delivery,completed
ORD-0247757,R-0579,2025-02-05,23.45,web,delivery,completed
ORD-0247758,R-0579,2025-02-06,18.81,web,pickup,completed
ORD-0247759,R-0579,2025-02-13,26.35,web,delivery,completed
ORD-0247760,R-0579,2025-02-22,18.18,app,delivery,completed
ORD-0247761,R-0579,2025-02-03,20.26,app,delivery,COMPLETED
ORD-0247762,R-0579,2025-02-27,23.69,app,delivery,Completed
ORD-0247763,R-0579,2025-02-14,32.35,app,delivery,completed
ORD-0247764,R-0579,2025-02-22,30.84,app,delivery,cancelled
ORD-0247765,R-0579,2025-02-24,16.30,app,pickup,completed
ORD-0247766,R-0579,2025-02-04,21.30,app,delivery,completed
ORD-0247767,R-0579,2025-02-16,28.68,app,pickup,completed
ORD-0247768,R-0579,2025-02-12,17.59,web,delivery,completed
ORD-0247769,R-0579,2025-02-22,30.73,web,delivery,completed
ORD-0247770,R-0579,2025-02-02,34.46,app,delivery,completed
ORD-0247771,R-0579,2025-02-03,26.14,web,delivery,completed
ORD-0247772,R-0579,2025-02-15,45.03,app,delivery,completed
ORD-0247773,R-0579,2025-02-17,24.52,app,delivery,completed
ORD-0249499,R-0586,2025-02-10,27.61,web,delivery,completed
ORD-0249500,R-0586,2025-02-03,10.44,app,pickup,completed
ORD-0249501,R-0586,2025-02-25,32.38,web,delivery,completed
ORD-0249502,R-0586,2025-02-05,17.88,web,delivery,completed
ORD-0249503,R-0586,2025-02-24,19.45,app,pickup,completed
ORD-0249504,R-0586,2025-02-25,18.98,app,delivery,CANCELLED
ORD-0249505,R-0586,2025-02-14,13.44,app,pickup,completed
ORD-0249506,R-0586,2025-02-07,18.33,app,delivery,completed
ORD-0249507,R-0586,2025-02-11,23.32,app,pickup,completed
ORD-0249508,R-0586,2025-02-08,31.73,app,pickup,completed
ORD-0249509,R-0586,2025-02-17,24.76,app,delivery,completed
ORD-0249510,R-0586,2025-02-20,16.04,web,pickup,completed
ORD-0249511,R-0586,2025-02-04,23.38,app,pickup,completed
ORD-0249512,R-0586,2025-02-17,22.77,web,pickup,completed
ORD-0249513,R-0586,2025-02-11,25.22,app,pickup,completed
ORD-0249514,R-0586,2025-02-02,16.54,app,pickup,completed
ORD-0249515,R-0586,2025-02-19,18.59,app,pickup,completed
ORD-0249516,R-0586,2025-02-15,11.10,app,pickup,completed
ORD-0249517,R-0586,2025-02-15,30.84,app,delivery,COMPLETED
ORD-0249518,R-0586,2025-02-07,36.21,app,pickup,completed
ORD-0249519,R-0586,2025-02-24,23.09,app,delivery,completed
ORD-0249520,R-0586,2025-02-05,17.62,app,pickup,COMPLETED
ORD-0249521,R-0586,2025-02-12,13.09,web,delivery,completed
ORD-0249522,R-0586,2025-02-15,41.80,web,pickup,completed
ORD-0249523,R-0586,2025-02-22,13.27,app,pickup,completed
ORD-0249524,R-0586,2025-02-13,22.29,app,pickup,completed
ORD-0249525,R-0586,2025-02-19,19.37,app,pickup,completed
ORD-0249526,R-0586,2025-02-10,31.80,app,delivery,completed
ORD-0249527,R-0586,2025-02-12,24.71,web,pickup,completed
ORD-0249528,R-0586,2025-02-28,18.01,web,pickup,completed
ORD-0249529,R-0586,2025-02-23,18.25,app,pickup,cancelled
ORD-0249530,R-0586,2025-02-26,13.90,app,pickup,Completed
ORD-0249531,R-0586,2025-02-12,20.57,app,pickup,completed
ORD-0249532,R-0586,2025-02-04,16.86,app,delivery,completed
ORD-0249533,R-0586,2025-02-13,18.96,app,delivery,completed
ORD-0249534,R-0586,2025-02-13,18.77,app,delivery,cancelled
ORD-0249535,R-0586,2025-02-24,19.67,app,pickup,completed
ORD-0249536,R-0586,2025-02-25,25.15,app,pickup,completed
ORD-0249537,R-0586,2025-02-14,16.14,app,pickup,completed
ORD-0249538,R-0586,2025-02-19,16.70,app,pickup,completed
ORD-0249539,R-0586,2025-02-22,9.25,app,pickup,completed
ORD-0249540,R-0586,2025-02-04,17.48,app,pickup,completed
ORD-0249541,R-0586,2025-02-16,13.32,web,pickup,completed
ORD-0249542,R-0586,2025-02-22,23.43,app,delivery,COMPLETED
ORD-0249543,R-0586,2025-02-17,28.26,web,pickup,completed
