subscription_id,restaurant_id,plan_id,start_date,end_date,discount_pct,mrr_eur,end_type,churn_reason
S-00001,R-0001,PL-02,2026-08-14,,0.0,99.00,active,
S-00002,R-0002, PL-04,2025-09-02,2026-01-31,0.0,349.00,churn,Se pasa a la competencia
S-00003,R-0003,PL-02,2025-12-12,,0.0,99.00,active,
S-00004,R-0004,PL-01,2026-03-05,NULL,0.15,41.65,active,
S-00005,R-0005,PL-03,2025-11-17,2026-02-28,0.0,199.00,upgrade,
S-00006,R-0005,PL-04,2026-03-01,NULL,0.0,349.00,active,
S-00007,R-0006,PL-01,2025-03-13,,0.0,49.00,active,
S-00008,R-0007, PL-02,2026-04-03,2026-05-31,0.0,99.00,churn,Poco volumen de pedidos
S-00009,R-0008,PL-02,2026-04-18,2026-07-31,0.0,99.00,churn,Impago
S-00010,R-0009,PL-04,2025-09-18,2026-05-31,0.2,279.20,churn,Cierra el negocio
S-00011,R-0010,PL-03,2025-01-09,2025-08-31,0.15,169.15,upgrade,
S-00012,R-0010,PL-04,2025-09-01,NULL,0.15,"296,65 EUR",active,
S-00013,R-0011,PL-01,2026-06-07,NULL,0.1,"44,10 EUR",active,
S-00014,R-0012,PL-02,2026-01-28,NULL,0.0,"99,00 EUR",active,
S-00015,R-0013,PL-02,2025-06-05,2025-10-31,0.1,89.10,churn,Insatisfaccion con el servicio
S-00016,R-0014,PL-03,2026-04-21,NULL,0.0,"199,00 EUR",active,
S-00017,R-0015,PL-02,2025-05-01,,0.15,84.15,active,
S-00018,R-0016,PL-02,2026-02-07,2026-04-30,0.15,"84,15 EUR",churn,Poco volumen de pedidos
S-00019,R-0017,PL-01,2025-05-19,2026-06-30,0.15,41.65,upgrade,
S-00020,R-0017,PL-02,2026-07-01,,0.15,84.15,active,
S-00021,R-0018,PL-01,2026-06-12,,0.2,39.20,active,
S-00022,R-0019,PL-02,2026-05-27,NULL,0.0,"99,00 EUR",active,
S-00023,R-0020,PL-02,2025-10-15,2026-01-31,0.0,"99,00 EUR",upgrade,
S-00024,R-0020,PL-03,2026-02-01,,0.0,199.00,active,
S-00025,R-0021,PL-03,2026-04-25,,0.0,199.00,active,
S-00026,R-0022,PL-02,2026-08-25,NULL,0.0,99.00,active,
S-00027,R-0023,PL-03,2025-04-15,2026-07-31,0.2,159.20,upgrade,
S-00028,R-0023,PL-04,2026-08-01,,0.2,"279,20 EUR",active,
S-00029,R-0024,PL-04,2025-10-05,,0.0,349.00,active,
S-00030,R-0025,PL-02,2025-01-20,2026-01-31,0.0,99.00,churn,Poco volumen de pedidos
S-00031,R-0026,PL-03,2026-03-09,2026-07-31,0.1,179.10,churn,Se pasa a la competencia
S-00032,R-0027,PL-01,2025-07-01,NULL,0.0,49.00,active,
S-00033,R-0028,PL-02,2025-08-27,2025-10-31,0.0,"99,00 EUR",churn,Precio
S-00034,R-0029,PL-02,2026-02-28,,0.0,"99,00 EUR",active,
S-00035,R-0030,PL-02,2025-11-04,,0.1,89.10,active,
S-00036,R-0031,PL-03,2026-03-18,,0.0,199.00,active,
S-00037,R-0032,PL-03,2025-12-17,,0.0,199.00,active,
S-00038,R-0033,PL-02,2025-04-26,2025-10-31,0.0,"99,00 EUR",downgrade,
S-00039,R-0033,PL-01,2025-11-01,NULL,0.0,49.00,active,
S-00040,R-0034,PL-02,2026-08-17,,0.15,"84,15 EUR",active,
S-00041,R-0035,PL-02,2025-08-06,NULL,0.15,84.15,active,
S-00042,R-0036,PL-02,2025-12-12,2026-05-31,0.0,99.00,churn,Poco volumen de pedidos
S-00043,R-0037,PL-02,2025-06-28,NULL,0.0,99.00,active,
S-00044,R-0038,PL-03,2026-08-15,NULL,0.0,199.00,active,
S-00045,R-0039,PL-03,2026-05-24,2026-07-31,0.2,159.20,churn,Se pasa a la competencia
S-00046,R-0040,PL-03,2026-03-02,NULL,0.0,199.00,active,
S-00047,R-0041,PL-03,2026-03-21,,0.0,199.00,active,
S-00048,R-0042,PL-01,2025-08-11,2025-11-30,0.0,"49,00 EUR",upgrade,
S-00049,R-0042,PL-02,2025-12-01,,0.0,99.00,active,
S-00050,R-0043,PL-03,2026-03-03,NULL,0.1,"179,10 EUR",active,
S-00051,R-0044,PL-03,2025-07-24,2026-03-31,0.0,"199,00 EUR",churn,Precio
S-00052,R-0045,PL-01,2026-01-26,2026-03-31,0.15,41.65,churn,Insatisfaccion con el servicio
S-00053,R-0046,PL-02,2025-04-14,NULL,0.2,79.20,active,
S-00054,R-0047,PL-03,2026-05-16,2026-07-31,0.0,199.00,upgrade,
S-00055,R-0047, PL-04,2026-08-01,,0.0,349.00,active,
S-00056,R-0048, PL-04,2026-07-23,NULL,0.1,314.10,active,
S-00057,R-0049,PL-02,2025-07-20,2025-11-30,0.0,99.00,churn,Precio
S-00058,R-0050,PL-01,2025-01-10,2025-03-31,0.0,"49,00 EUR",churn,Precio
S-00059,R-0051,PL-03,2026-08-16,NULL,0.0,199.00,active,
S-00060,R-0052,PL-03,2026-07-26,,0.15,169.15,active,
S-00061,R-0053,PL-03,2025-03-01,2025-05-31,0.2,159.20,downgrade,
S-00062,R-0053,PL-02,2025-06-01,2025-06-30,0.2,79.20,upgrade,
S-00063,R-0053,PL-03,2025-07-01,,0.2,159.20,active,
S-00064,R-0054,PL-01,2026-05-23,NULL,0.0,"49,00 EUR",active,
S-00065,R-0055, PL-02,2025-10-31,2026-01-31,0.0,99.00,upgrade,
S-00066,R-0055, PL-03,2026-02-01,2026-06-30,0.0,199.00,upgrade,
S-00067,R-0055, PL-04,2026-07-01,,0.0,349.00,active,
S-00068,R-0056,PL-01,2025-07-06,2025-08-31,0.0,49.00,churn,Poco volumen de pedidos
S-00069,R-0057,PL-02,2025-07-30,2025-11-30,0.15,84.15,churn,Impago
S-00070,R-0058,PL-02,2025-05-04,2025-08-31,0.0,"99,00 EUR",churn,Cierra el negocio
S-00071,R-0059,PL-02,2025-07-30,2025-11-30,0.1,89.10,downgrade,
S-00072,R-0059,PL-01,2025-12-01,,0.1,"44,10 EUR",active,
S-00073,R-0060,PL-02,2026-05-08,NULL,0.15,"84,15 EUR",active,
S-00074,R-0061,PL-04,2025-04-17,2026-01-31,0.2,"279,20 EUR",churn,Cierra el negocio
S-00075,R-0062,PL-01,2025-09-05,NULL,0.1,44.10,active,
S-00076,R-0063,PL-04,2026-03-02,NULL,0.0,"349,00 EUR",active,
S-00077,R-0064, PL-02,2026-07-22,NULL,0.1,"89,10 EUR",active,
S-00078,R-0065,PL-02,2025-11-13,2026-03-31,0.0,99.00,upgrade,
S-00079,R-0065, PL-03,2026-04-01,2026-07-31,0.0,199.00,upgrade,
S-00080,R-0065,PL-04,2026-08-01,,0.0,"349,00 EUR",active,
S-00081,R-0066,PL-03,2025-08-21,2026-07-31,0.0,"199,00 EUR",churn,Poco volumen de pedidos
S-00082,R-0067,PL-02,2026-07-13,2026-08-31,0.1,"89,10 EUR",churn,Poco volumen de pedidos
S-00083,R-0068, PL-02,2026-05-29,2026-07-31,0.1,89.10,churn,Poco volumen de pedidos
S-00084,R-0069, PL-03,2026-05-27,NULL,0.15,"169,15 EUR",active,
S-00085,R-0070,PL-03,2025-08-31,2026-04-30,0.1,"179,10 EUR",churn,Cierra el negocio
S-00086,R-0071,PL-04,2026-08-31,,0.0,"349,00 EUR",active,
S-00087,R-0072, PL-02,2025-05-24,2025-09-30,0.0,99.00,downgrade,
S-00088,R-0072,PL-01,2025-10-01,2026-01-31,0.0,"49,00 EUR",churn,Poco volumen de pedidos
S-00089,R-0073,PL-03,2026-06-25,NULL,0.0,199.00,active,
S-00090,R-0074,PL-02,2025-03-07,2025-10-31,0.0,"99,00 EUR",upgrade,
S-00091,R-0074,PL-03,2025-11-01,,0.0,199.00,active,
S-00092,R-0075,PL-01,2025-08-28,2026-04-30,0.0,"49,00 EUR",upgrade,
S-00093,R-0075,PL-02,2026-05-01,,0.0,"99,00 EUR",active,
S-00094,R-0076,PL-02,2025-08-24,2026-01-31,0.0,99.00,churn,Poco volumen de pedidos
S-00095,R-0077,PL-02,2025-06-15,2025-09-30,0.0,99.00,churn,Poco volumen de pedidos
S-00096,R-0078,PL-03,2026-02-11,NULL,0.1,179.10,active,
S-00097,R-0079, PL-01,2025-09-16,,0.1,44.10,active,
S-00098,R-0080,PL-01,2025-10-06,2026-07-31,0.0,"49,00 EUR",churn,Cierra el negocio
S-00099,R-0081,PL-03,2025-03-18,,0.15,"169,15 EUR",active,
S-00100,R-0082,PL-02,2026-02-02,NULL,0.2,"79,20 EUR",active,
S-00101,R-0083,PL-02,2025-08-11,2025-12-31,0.15,84.15,upgrade,
S-00102,R-0083,PL-03,2026-01-01,2026-06-30,0.15,169.15,upgrade,
S-00103,R-0083,PL-04,2026-07-01,,0.15,296.65,active,
S-00104,R-0084,PL-01,2026-08-04,,0.0,"49,00 EUR",active,
S-00105,R-0085,PL-02,2026-03-17,2026-05-31,0.0,99.00,churn,Precio
S-00106,R-0086,PL-02,2026-03-13,NULL,0.0,99.00,active,
S-00107,R-0087,PL-01,2025-04-28,2026-01-31,0.0,49.00,upgrade,
S-00108,R-0087,PL-02,2026-02-01,,0.0,99.00,active,
S-00109,R-0088,PL-02,2026-07-06,NULL,0.1,89.10,active,
S-00110,R-0089, PL-01,2025-10-22,2026-07-31,0.1,44.10,upgrade,
S-00111,R-0089,PL-02,2026-08-01,NULL,0.1,89.10,active,
S-00112,R-0090,PL-01,2025-07-07,2025-10-31,0.2,39.20,upgrade,
S-00113,R-0090,PL-02,2025-11-01,NULL,0.2,79.20,active,
S-00114,R-0091,PL-03,2025-07-27,2026-03-31,0.0,"199,00 EUR",churn,Impago
S-00115,R-0092,PL-01,2025-04-22,2025-12-31,0.0,49.00,churn,Se pasa a la competencia
S-00116,R-0093,PL-02,2026-07-20,NULL,0.0,99.00,active,
S-00117,R-0094,PL-02,2026-06-21,,0.0,"99,00 EUR",active,
S-00118,R-0095,PL-01,2025-08-04,2025-10-31,0.15,"41,65 EUR",churn,Poco volumen de pedidos
S-00119,R-0096,PL-01,2026-05-18,NULL,0.2,39.20,active,
S-00120,R-0097,PL-01,2025-08-10,2025-10-31,0.0,49.00,churn,Precio
S-00121,R-0098,PL-01,2026-01-15,,0.2,"39,20 EUR",active,
S-00122,R-0099,PL-01,2025-08-19,NULL,0.2,"39,20 EUR",active,
S-00123,R-0100,PL-02,2025-07-29,NULL,0.1,89.10,active,
S-00124,R-0101, PL-02,2025-06-01,2026-02-28,0.0,99.00,downgrade,
S-00125,R-0101,PL-01,2026-03-01,NULL,0.0,49.00,active,
S-00126,R-0102,PL-02,2025-10-20,2026-06-30,0.0,"99,00 EUR",churn,Insatisfaccion con el servicio
S-00127,R-0103,PL-02,2025-07-29,,0.15,84.15,active,
S-00128,R-0104,PL-02,2025-02-26,2025-12-31,0.2,79.20,upgrade,
S-00129,R-0104,PL-03,2026-01-01,,0.2,"159,20 EUR",active,
S-00130,R-0105,PL-02,2025-04-23,2025-08-31,0.2,"79,20 EUR",churn,Poco volumen de pedidos
S-00131,R-0106,PL-03,2026-07-06,NULL,0.0,199.00,active,
S-00132,R-0107,PL-01,2025-09-30,2025-11-30,0.0,49.00,churn,Se pasa a la competencia
S-00133,R-0108,PL-01,2026-05-01,NULL,0.0,"49,00 EUR",active,
S-00134,R-0109, PL-03,2025-12-23,2026-02-28,0.0,199.00,downgrade,
S-00135,R-0109, PL-02,2026-03-01,2026-06-30,0.0,99.00,downgrade,
S-00136,R-0109,PL-01,2026-07-01,2026-08-31,0.0,49.00,churn,Precio
S-00137,R-0110,PL-03,2025-04-10,2025-12-31,0.15,169.15,downgrade,
S-00138,R-0110, PL-02,2026-01-01,,0.15,84.15,active,
S-00139,R-0111,PL-01,2025-05-23,NULL,0.0,49.00,active,
S-00140,R-0112,PL-02,2026-02-07,2026-06-30,0.15,84.15,upgrade,
S-00141,R-0112,PL-03,2026-07-01,,0.15,169.15,active,
S-00142,R-0113,PL-03,2026-05-13,NULL,0.0,199.00,active,
S-00143,R-0114,PL-03,2025-12-16,2026-01-31,0.0,199.00,churn,Insatisfaccion con el servicio
S-00144,R-0115,PL-04,2025-09-05,,0.1,"314,10 EUR",active,
S-00145,R-0116,PL-02,2026-08-08,,0.0,99.00,active,
S-00146,R-0117,PL-02,2026-01-29,NULL,0.0,"99,00 EUR",active,
S-00147,R-0118,PL-01,2025-09-07,2026-02-28,0.0,49.00,churn,Precio
S-00148,R-0119,PL-03,2025-01-14,2025-04-30,0.15,"169,15 EUR",churn,Precio
S-00149,R-0120,PL-02,2025-09-15,2026-06-30,0.15,"84,15 EUR",upgrade,
S-00150,R-0120,PL-03,2026-07-01,NULL,0.15,"169,15 EUR",active,
S-00151,R-0121,PL-01,2025-11-08,2026-05-31,0.0,"49,00 EUR",churn,Precio
S-00152,R-0122, PL-03,2026-06-28,NULL,0.0,199.00,active,
S-00153,R-0123,PL-01,2025-05-10,2026-04-30,0.1,44.10,churn,Precio
S-00154,R-0124,PL-01,2025-03-08,NULL,0.2,39.20,active,
S-00155,R-0125,PL-02,2025-12-30,2026-03-31,0.0,99.00,churn,Se pasa a la competencia
S-00156,R-0126,PL-03,2025-01-20,NULL,0.1,179.10,active,
S-00157,R-0127, PL-02,2026-02-03,2026-03-31,0.0,99.00,churn,Poco volumen de pedidos
S-00158,R-0128,PL-02,2025-09-30,,0.1,89.10,active,
S-00159,R-0129,PL-01,2025-08-09,,0.0,49.00,active,
S-00160,R-0130,PL-01,2026-04-21,,0.15,41.65,active,
S-00161,R-0131,PL-01,2026-02-21,2026-03-31,0.0,49.00,churn,Insatisfaccion con el servicio
S-00162,R-0132,PL-02,2025-08-09,2026-07-31,0.0,99.00,upgrade,
S-00163,R-0132,PL-03,2026-08-01,,0.0,199.00,active,
S-00164,R-0133,PL-01,2026-05-29,,0.0,49.00,active,
S-00165,R-0134,PL-03,2026-05-03,2026-07-31,0.2,159.20,churn,Insatisfaccion con el servicio
S-00166,R-0135,PL-01,2025-12-09,,0.0,49.00,active,
S-00167,R-0136,PL-03,2025-05-30,2026-03-31,0.15,169.15,churn,Precio
S-00168,R-0137,PL-04,2026-08-16,,0.15,"296,65 EUR",active,
S-00169,R-0138,PL-02,2026-07-15,NULL,0.0,"99,00 EUR",active,
S-00170,R-0139,PL-01,2026-08-21,NULL,0.1,44.10,active,
S-00171,R-0140,PL-01,2025-09-06,2026-06-30,0.1,44.10,upgrade,
S-00172,R-0140,PL-02,2026-07-01,NULL,0.1,89.10,active,
S-00173,R-0141,PL-03,2025-04-30,2025-09-30,0.0,"199,00 EUR",upgrade,
S-00174,R-0141,PL-04,2025-10-01,,0.0,"349,00 EUR",active,
S-00175,R-0142,PL-03,2025-06-07,NULL,0.1,179.10,active,
S-00176,R-0143,PL-02,2025-02-09,2025-09-30,0.0,99.00,churn,Precio
S-00177,R-0144,PL-02,2025-06-27,2025-09-30,0.0,99.00,churn,Poco volumen de pedidos
S-00178,R-0145,PL-03,2025-12-31,2026-04-30,0.15,169.15,churn,Se pasa a la competencia
S-00179,R-0146, PL-03,2025-03-03,2025-09-30,0.0,199.00,churn,Poco volumen de pedidos
S-00180,R-0147,PL-02,2026-07-05,NULL,0.1,"89,10 EUR",active,
S-00181,R-0148,PL-02,2026-04-05,NULL,0.1,"89,10 EUR",active,
S-00182,R-0149,PL-03,2026-08-24,,0.0,199.00,active,
S-00183,R-0150,PL-01,2026-08-10,NULL,0.0,49.00,active,
S-00184,R-0151,PL-02,2026-04-03,2026-06-30,0.0,"99,00 EUR",upgrade,
S-00185,R-0151,PL-03,2026-07-01,,0.0,"199,00 EUR",active,
S-00186,R-0152,PL-02,2026-01-24,NULL,0.0,99.00,active,
S-00187,R-0153,PL-01,2026-01-17,2026-07-31,0.0,49.00,churn,Poco volumen de pedidos
S-00188,R-0154,PL-02,2025-02-25,,0.1,89.10,active,
S-00189,R-0155,PL-01,2025-10-25,2026-05-31,0.0,49.00,upgrade,
S-00190,R-0155,PL-02,2026-06-01,,0.0,99.00,active,
S-00191,R-0156, PL-01,2026-08-26,NULL,0.0,"49,00 EUR",active,
S-00192,R-0157,PL-02,2026-03-07,2026-06-30,0.1,89.10,upgrade,
S-00193,R-0157,PL-03,2026-07-01,,0.1,179.10,active,
S-00194,R-0158,PL-02,2025-12-19,NULL,0.15,84.15,active,
S-00195,R-0159,PL-02,2026-04-15,NULL,0.0,"99,00 EUR",active,
S-00196,R-0160,PL-01,2026-01-04,NULL,0.2,39.20,active,
S-00197,R-0161,PL-03,2025-10-14,NULL,0.1,"179,10 EUR",active,
S-00198,R-0162,PL-03,2025-05-21,NULL,0.0,"199,00 EUR",active,
S-00199,R-0163,PL-01,2026-08-27,NULL,0.1,44.10,active,
S-00200,R-0164,PL-04,2025-06-19,NULL,0.1,314.10,active,
S-00201,R-0165,PL-01,2026-05-27,,0.0,49.00,active,
S-00202,R-0166,PL-04,2025-12-25,NULL,0.0,349.00,active,
S-00203,R-0167,PL-04,2026-04-26,NULL,0.15,"296,65 EUR",active,
S-00204,R-0168,PL-03,2026-01-01,NULL,0.2,159.20,active,
S-00205,R-0169,PL-03,2026-08-05,,0.0,"199,00 EUR",active,
S-00206,R-0170,PL-01,2025-09-27,2025-12-31,0.0,49.00,churn,Precio
S-00207,R-0171,PL-03,2025-02-22,2025-12-31,0.0,"199,00 EUR",churn,Precio
S-00208,R-0172, PL-04,2026-08-29,,0.0,349.00,active,
S-00209,R-0173,PL-03,2025-04-16,2025-09-30,0.0,199.00,churn,Impago
S-00210,R-0174,PL-01,2025-09-30,2026-03-31,0.2,39.20,churn,Precio
S-00211,R-0175,PL-01,2025-02-05,2026-07-31,0.0,49.00,upgrade,
S-00212,R-0175,PL-02,2026-08-01,,0.0,99.00,active,
S-00213,R-0176,PL-03,2026-04-23,2026-07-31,0.0,199.00,downgrade,
S-00214,R-0176,PL-02,2026-08-01,NULL,0.0,99.00,active,
S-00215,R-0177,PL-04,2026-02-13,2026-03-31,0.0,"349,00 EUR",churn,Poco volumen de pedidos
S-00216,R-0178,PL-02,2026-01-14,2026-03-31,0.1,89.10,upgrade,
S-00217,R-0178,PL-03,2026-04-01,2026-07-31,0.1,179.10,upgrade,
S-00218,R-0178,PL-04,2026-08-01,NULL,0.1,"314,10 EUR",active,
S-00219,R-0179,PL-01,2025-10-08,2025-12-31,0.0,"49,00 EUR",churn,Precio
S-00220,R-0180,PL-02,2026-02-04,NULL,0.0,99.00,active,
S-00221,R-0181,PL-01,2026-02-19,NULL,0.0,49.00,active,
S-00222,R-0182, PL-03,2026-02-01,,0.0,"199,00 EUR",active,
S-00223,R-0183,PL-01,2025-07-03,2025-08-31,0.1,44.10,churn,Cierra el negocio
S-00224,R-0184,PL-03,2025-01-29,2026-04-30,0.0,"199,00 EUR",upgrade,
S-00225,R-0184, PL-04,2026-05-01,NULL,0.0,"349,00 EUR",active,
S-00226,R-0185,PL-01,2026-06-20,,0.0,"49,00 EUR",active,
S-00227,R-0186,PL-03,2026-06-17,NULL,0.0,"199,00 EUR",active,
S-00228,R-0187,PL-04,2025-04-23,2026-03-31,0.1,"314,10 EUR",churn,Se pasa a la competencia
S-00229,R-0188,PL-02,2026-02-07,,0.0,99.00,active,
S-00230,R-0189,PL-03,2026-03-22,,0.2,"159,20 EUR",active,
S-00231,R-0190,PL-03,2025-05-25,2026-05-31,0.0,199.00,upgrade,
S-00232,R-0190,PL-04,2026-06-01,,0.0,349.00,active,
S-00233,R-0191,PL-02,2026-04-14,NULL,0.0,99.00,active,
S-00234,R-0192,PL-01,2026-07-10,NULL,0.0,"49,00 EUR",active,
S-00235,R-0193,PL-03,2025-06-20,2025-09-30,0.0,"199,00 EUR",churn,Precio
S-00236,R-0194,PL-01,2025-06-05,2025-12-31,0.0,"49,00 EUR",churn,Poco volumen de pedidos
S-00237,R-0195, PL-02,2025-08-27,NULL,0.0,99.00,active,
S-00238,R-0196,PL-02,2025-03-11,2025-04-30,0.0,99.00,churn,Precio
S-00239,R-0197,PL-02,2026-04-03,,0.1,89.10,active,
S-00240,R-0198,PL-01,2025-05-02,2025-06-30,0.2,39.20,churn,Se pasa a la competencia
S-00241,R-0199, PL-01,2026-07-24,NULL,0.0,49.00,active,
S-00242,R-0200,PL-03,2025-08-11,,0.1,179.10,active,
S-00243,R-0201,PL-03,2026-08-17,NULL,0.0,199.00,active,
S-00244,R-0202,PL-02,2025-08-28,NULL,0.0,"99,00 EUR",active,
S-00245,R-0203,PL-02,2026-08-11,NULL,0.2,79.20,active,
S-00246,R-0204,PL-02,2025-06-20,2025-09-30,0.0,99.00,upgrade,
S-00247,R-0204,PL-03,2025-10-01,2026-05-31,0.0,199.00,upgrade,
S-00248,R-0204,PL-04,2026-06-01,,0.0,349.00,active,
S-00249,R-0205,PL-01,2026-08-24,NULL,0.15,"41,65 EUR",active,
S-00250,R-0206,PL-04,2026-04-17,,0.2,"279,20 EUR",active,
S-00251,R-0207,PL-02,2025-01-16,2025-04-30,0.0,"99,00 EUR",upgrade,
S-00252,R-0207,PL-03,2025-05-01,2026-04-30,0.0,"199,00 EUR",upgrade,
S-00253,R-0207,PL-04,2026-05-01,,0.0,349.00,active,
S-00254,R-0208,PL-02,2026-05-16,2026-06-30,0.1,89.10,churn,Poco volumen de pedidos
S-00255,R-0209,PL-01,2025-09-10,2026-04-30,0.0,49.00,churn,Precio
S-00256,R-0210,PL-03,2025-08-01,NULL,0.0,"199,00 EUR",active,
S-00257,R-0211,PL-02,2025-03-31,2025-09-30,0.0,"99,00 EUR",upgrade,
S-00258,R-0211,PL-03,2025-10-01,NULL,0.0,199.00,active,
S-00259,R-0212,PL-02,2026-01-16,NULL,0.0,"99,00 EUR",active,
S-00260,R-0213,PL-01,2026-07-05,NULL,0.0,49.00,active,
S-00261,R-0214,PL-04,2025-09-06,,0.0,"349,00 EUR",active,
S-00262,R-0215,PL-02,2026-05-28,NULL,0.15,"84,15 EUR",active,
S-00263,R-0216, PL-03,2026-07-13,NULL,0.0,199.00,active,
S-00264,R-0217,PL-01,2026-02-14,,0.0,49.00,active,
S-00265,R-0218,PL-03,2025-08-18,NULL,0.1,179.10,active,
S-00266,R-0219,PL-04,2025-11-27,2026-03-31,0.15,"296,65 EUR",downgrade,
S-00267,R-0219, PL-03,2026-04-01,,0.15,169.15,active,
S-00268,R-0220,PL-03,2026-01-19,NULL,0.0,199.00,active,
S-00269,R-0221,PL-02,2026-07-17,NULL,0.15,"84,15 EUR",active,
S-00270,R-0222,PL-02,2025-11-10,2025-12-31,0.1,89.10,churn,Poco volumen de pedidos
S-00271,R-0223, PL-02,2025-08-25,NULL,0.15,"84,15 EUR",active,
S-00272,R-0224,PL-02,2025-07-07,NULL,0.15,84.15,active,
S-00273,R-0225,PL-03,2026-06-29,,0.1,"179,10 EUR",active,
S-00274,R-0226,PL-01,2026-01-02,,0.0,49.00,active,
S-00275,R-0227, PL-02,2025-03-07,2025-05-31,0.0,99.00,downgrade,
S-00276,R-0227,PL-01,2025-06-01,2025-09-30,0.0,"49,00 EUR",churn,Precio
S-00277,R-0228,PL-01,2025-08-12,2026-03-31,0.0,49.00,churn,Poco volumen de pedidos
S-00278,R-0229,PL-01,2026-02-06,2026-05-31,0.1,44.10,churn,Insatisfaccion con el servicio
S-00279,R-0230,PL-02,2025-02-25,2025-03-31,0.0,99.00,churn,Precio
S-00280,R-0231,PL-02,2026-03-23,NULL,0.15,84.15,active,
S-00281,R-0232,PL-04,2025-07-18,2026-02-28,0.0,349.00,downgrade,
S-00282,R-0232,PL-03,2026-03-01,2026-03-31,0.0,199.00,downgrade,
S-00283,R-0232,PL-02,2026-04-01,,0.0,99.00,active,
S-00284,R-0233,PL-02,2025-11-10,NULL,0.0,99.00,active,
S-00285,R-0234,PL-01,2026-03-02,NULL,0.1,"44,10 EUR",active,
S-00286,R-0235,PL-01,2026-01-03,NULL,0.0,"49,00 EUR",active,
S-00287,R-0236, PL-02,2025-01-21,2025-10-31,0.2,79.20,churn,Poco volumen de pedidos
S-00288,R-0237,PL-02,2025-11-17,NULL,0.0,99.00,active,
S-00289,R-0238,PL-02,2025-11-29,NULL,0.0,"99,00 EUR",active,
S-00290,R-0239,PL-02,2025-07-30,,0.0,99.00,active,
S-00291,R-0240,PL-01,2026-08-15,,0.0,49.00,active,
S-00292,R-0241,PL-01,2026-04-01,NULL,0.0,49.00,active,
S-00293,R-0242,PL-02,2025-09-16,NULL,0.0,"99,00 EUR",active,
S-00294,R-0243,PL-03,2026-06-17,,0.0,"199,00 EUR",active,
S-00295,R-0244,PL-02,2025-04-07,2025-05-31,0.0,99.00,churn,Cierra el negocio
S-00296,R-0245,PL-03,2025-05-03,2026-02-28,0.0,199.00,upgrade,
S-00297,R-0245, PL-04,2026-03-01,,0.0,349.00,active,
S-00298,R-0246,PL-03,2025-09-30,2026-05-31,0.0,"199,00 EUR",churn,Precio
S-00299,R-0247,PL-02,2025-04-06,2026-04-30,0.0,99.00,upgrade,
S-00300,R-0247,PL-03,2026-05-01,NULL,0.0,"199,00 EUR",active,
S-00301,R-0248,PL-02,2025-09-30,2026-07-31,0.0,"99,00 EUR",upgrade,
S-00302,R-0248,PL-03,2026-08-01,NULL,0.0,199.00,active,
S-00303,R-0249,PL-02,2026-02-06,NULL,0.1,89.10,active,
S-00304,R-0250,PL-01,2026-08-06,,0.1,"44,10 EUR",active,
S-00305,R-0251,PL-02,2026-05-27,NULL,0.0,99.00,active,
S-00306,R-0252,PL-01,2026-08-10,,0.0,49.00,active,
S-00307,R-0253,PL-03,2026-03-14,,0.0,199.00,active,
S-00308,R-0254, PL-02,2026-06-03,,0.0,99.00,active,
S-00309,R-0255,PL-03,2026-07-29,,0.2,"159,20 EUR",active,
S-00310,R-0256,PL-01,2026-08-30,,0.2,39.20,active,
S-00311,R-0257,PL-02,2025-10-16,2026-01-31,0.0,"99,00 EUR",churn,Poco volumen de pedidos
S-00312,R-0258,PL-02,2025-11-18,NULL,0.0,"99,00 EUR",active,
S-00313,R-0259,PL-01,2026-05-30,,0.15,41.65,active,
S-00314,R-0260,PL-01,2025-03-04,,0.0,49.00,active,
S-00315,R-0261, PL-02,2025-06-04,2026-07-31,0.0,99.00,upgrade,
S-00316,R-0261,PL-03,2026-08-01,,0.0,199.00,active,
S-00317,R-0262,PL-01,2025-09-30,2025-11-30,0.0,"49,00 EUR",churn,Insatisfaccion con el servicio
S-00318,R-0263,PL-01,2026-01-03,2026-04-30,0.2,39.20,churn,Precio
S-00319,R-0264, PL-04,2026-06-11,NULL,0.0,349.00,active,
S-00320,R-0265,PL-02,2026-08-14,NULL,0.0,99.00,active,
S-00321,R-0266,PL-02,2026-07-20,NULL,0.0,"99,00 EUR",active,
S-00322,R-0267,PL-03,2026-08-17,,0.0,199.00,active,
S-00323,R-0268,PL-02,2026-06-01,NULL,0.0,"99,00 EUR",active,
S-00324,R-0269,PL-03,2026-06-04,,0.0,"199,00 EUR",active,
S-00325,R-0270,PL-02,2026-03-17,2026-06-30,0.0,99.00,upgrade,
S-00326,R-0270,PL-03,2026-07-01,,0.0,199.00,active,
S-00327,R-0271,PL-01,2025-05-24,2026-06-30,0.1,44.10,churn,Insatisfaccion con el servicio
S-00328,R-0272,PL-03,2026-06-16,2026-08-31,0.0,199.00,churn,Precio
S-00329,R-0273,PL-02,2026-05-06,,0.2,"79,20 EUR",active,
S-00330,R-0274,PL-02,2026-01-24,2026-08-31,0.1,89.10,churn,Impago
S-00331,R-0275,PL-01,2026-06-08,2026-08-31,0.0,"49,00 EUR",churn,Poco volumen de pedidos
S-00332,R-0276,PL-03,2026-01-04,,0.0,"199,00 EUR",active,
S-00333,R-0277,PL-01,2025-05-14,,0.2,39.20,active,
S-00334,R-0278,PL-01,2025-12-17,2026-04-30,0.0,49.00,churn,Cierra el negocio
S-00335,R-0279,PL-02,2025-12-31,NULL,0.1,"89,10 EUR",active,
S-00336,R-0280,PL-01,2026-07-24,NULL,0.0,49.00,active,
S-00337,R-0281,PL-03,2025-07-23,NULL,0.0,"199,00 EUR",active,
S-00338,R-0282,PL-02,2025-09-02,2026-02-28,0.0,"99,00 EUR",churn,Impago
S-00339,R-0283,PL-02,2026-08-24,,0.2,79.20,active,
S-00340,R-0284,PL-03,2026-06-05,NULL,0.0,199.00,active,
S-00341,R-0285, PL-04,2026-04-20,NULL,0.0,349.00,active,
S-00342,R-0286,PL-01,2025-04-21,2026-07-31,0.0,49.00,upgrade,
S-00343,R-0286,PL-02,2026-08-01,NULL,0.0,99.00,active,
S-00344,R-0287,PL-01,2025-04-07,2025-06-30,0.0,49.00,churn,Precio
S-00345,R-0288,PL-02,2025-12-06,NULL,0.1,89.10,active,
S-00346,R-0289,PL-02,2026-02-12,,0.0,99.00,active,
S-00347,R-0290,PL-02,2025-04-02,2025-08-31,0.0,99.00,churn,Cierra el negocio
S-00348,R-0291,PL-02,2025-10-15,2026-02-28,0.0,"99,00 EUR",churn,Precio
S-00349,R-0292,PL-02,2026-05-03,NULL,0.0,99.00,active,
S-00350,R-0293,PL-01,2026-06-09,,0.0,49.00,active,
S-00351,R-0294,PL-01,2025-03-07,2025-06-30,0.0,"49,00 EUR",churn,Poco volumen de pedidos
S-00352,R-0295,PL-02,2025-12-13,,0.2,"79,20 EUR",active,
S-00353,R-0296,PL-03,2025-11-01,,0.1,179.10,active,
S-00354,R-0297, PL-02,2025-08-05,NULL,0.15,84.15,active,
S-00355,R-0298,PL-02,2025-11-25,,0.0,99.00,active,
S-00356,R-0299,PL-02,2025-11-22,NULL,0.0,99.00,active,
S-00357,R-0300,PL-03,2026-07-03,,0.0,199.00,active,
S-00358,R-0301,PL-02,2025-12-25,2026-04-30,0.0,"99,00 EUR",downgrade,
S-00359,R-0301,PL-01,2026-05-01,NULL,0.0,"49,00 EUR",active,
S-00360,R-0302,PL-02,2026-04-14,NULL,0.0,99.00,active,
S-00361,R-0303,PL-02,2025-10-27,2026-07-31,0.15,"84,15 EUR",churn,Poco volumen de pedidos
S-00362,R-0304,PL-02,2026-02-09,2026-05-31,0.0,99.00,upgrade,
S-00363,R-0304,PL-03,2026-06-01,,0.0,199.00,active,
S-00364,R-0305,PL-02,2025-05-21,2025-08-31,0.0,99.00,upgrade,
S-00365,R-0305,PL-03,2025-09-01,2025-10-31,0.0,"199,00 EUR",upgrade,
S-00366,R-0305, PL-04,2025-11-01,NULL,0.0,349.00,active,
S-00367,R-0306,PL-02,2026-04-08,,0.15,"84,15 EUR",active,
S-00368,R-0307,PL-01,2026-08-22,,0.1,44.10,active,
S-00369,R-0308,PL-03,2026-02-01,2026-04-30,0.1,"179,10 EUR",churn,Se pasa a la competencia
S-00370,R-0309,PL-02,2025-09-07,,0.0,"99,00 EUR",active,
S-00371,R-0310,PL-01,2026-03-15,,0.15,"41,65 EUR",active,
S-00372,R-0311,PL-03,2025-12-23,NULL,0.15,"169,15 EUR",active,
S-00373,R-0312,PL-01,2026-01-01,2026-04-30,0.0,"49,00 EUR",upgrade,
S-00374,R-0312,PL-02,2026-05-01,2026-07-31,0.0,"99,00 EUR",upgrade,
S-00375,R-0312,PL-03,2026-08-01,,0.0,199.00,active,
S-00376,R-0313,PL-03,2026-08-31,,0.0,199.00,active,
S-00377,R-0314,PL-04,2026-01-05,NULL,0.0,349.00,active,
S-00378,R-0315,PL-03,2026-02-05,NULL,0.2,159.20,active,
S-00379,R-0316,PL-01,2026-03-12,,0.15,41.65,active,
S-00380,R-0317,PL-02,2026-08-26,NULL,0.1,89.10,active,
S-00381,R-0318,PL-03,2026-08-02,NULL,0.2,159.20,active,
S-00382,R-0319,PL-01,2026-07-10,NULL,0.1,"44,10 EUR",active,
S-00383,R-0320,PL-02,2025-04-14,2025-06-30,0.0,"99,00 EUR",churn,Poco volumen de pedidos
S-00384,R-0321,PL-03,2026-01-02,NULL,0.0,"199,00 EUR",active,
S-00385,R-0322,PL-01,2026-08-22,NULL,0.1,44.10,active,
S-00386,R-0323,PL-02,2025-07-29,2026-06-30,0.0,"99,00 EUR",upgrade,
S-00387,R-0323,PL-03,2026-07-01,,0.0,199.00,active,
S-00388,R-0324,PL-01,2025-01-04,2025-11-30,0.0,49.00,churn,Poco volumen de pedidos
S-00389,R-0325,PL-01,2025-07-18,2025-08-31,0.2,39.20,churn,Se pasa a la competencia
S-00390,R-0326,PL-03,2025-06-27,2025-10-31,0.0,"199,00 EUR",churn,Insatisfaccion con el servicio
S-00391,R-0327, PL-02,2026-05-28,,0.1,89.10,active,
S-00392,R-0328,PL-03,2025-11-17,,0.2,159.20,active,
S-00393,R-0329,PL-01,2025-08-11,2026-07-31,0.0,49.00,upgrade,
S-00394,R-0329,PL-02,2026-08-01,,0.0,"99,00 EUR",active,
S-00395,R-0330,PL-01,2025-02-10,2025-10-31,0.15,41.65,churn,Precio
S-00396,R-0331,PL-02,2025-08-25,2026-03-31,0.0,"99,00 EUR",churn,Se pasa a la competencia
S-00397,R-0332, PL-02,2026-07-24,NULL,0.0,99.00,active,
S-00398,R-0333,PL-02,2026-08-25,NULL,0.0,99.00,active,
S-00399,R-0334,PL-02,2025-06-06,,0.0,"99,00 EUR",active,
S-00400,R-0335,PL-02,2025-05-02,2026-08-31,0.15,84.15,churn,Insatisfaccion con el servicio
S-00401,R-0336,PL-04,2025-09-15,2026-07-31,0.0,349.00,churn,Precio
S-00402,R-0337,PL-03,2025-03-14,2025-06-30,0.2,159.20,churn,Insatisfaccion con el servicio
S-00403,R-0338,PL-03,2026-02-10,NULL,0.0,199.00,active,
S-00404,R-0339,PL-01,2025-05-23,2026-04-30,0.0,49.00,churn,Precio
S-00405,R-0340,PL-02,2025-10-31,2026-01-31,0.0,"99,00 EUR",upgrade,
S-00406,R-0340,PL-03,2026-02-01,,0.0,199.00,active,
S-00407,R-0341,PL-01,2025-07-08,2026-06-30,0.0,"49,00 EUR",churn,Cierra el negocio
S-00408,R-0342,PL-02,2025-06-10,2025-10-31,0.2,"79,20 EUR",churn,Poco volumen de pedidos
S-00409,R-0343,PL-02,2026-05-27,2026-08-31,0.0,99.00,churn,Impago
S-00410,R-0344,PL-04,2025-02-18,2025-03-31,0.15,"296,65 EUR",churn,Poco volumen de pedidos
S-00411,R-0345,PL-03,2025-05-06,2026-03-31,0.15,169.15,upgrade,
S-00412,R-0345,PL-04,2026-04-01,NULL,0.15,296.65,active,
S-00413,R-0346,PL-03,2026-04-23,NULL,0.0,199.00,active,
S-00414,R-0347,PL-02,2025-12-20,2026-05-31,0.0,99.00,churn,Poco volumen de pedidos
S-00415,R-0348,PL-01,2025-07-23,2025-10-31,0.1,"44,10 EUR",upgrade,
S-00416,R-0348,PL-02,2025-11-01,2026-06-30,0.1,89.10,upgrade,
S-00417,R-0348,PL-03,2026-07-01,2026-07-31,0.1,179.10,upgrade,
S-00418,R-0348,PL-04,2026-08-01,NULL,0.1,"314,10 EUR",active,
S-00419,R-0349,PL-02,2025-05-24,2026-07-31,0.1,89.10,churn,Cierra el negocio
S-00420,R-0350,PL-03,2025-03-12,2025-09-30,0.15,"169,15 EUR",churn,Se pasa a la competencia
S-00421,R-0351,PL-02,2025-04-23,2025-11-30,0.0,"99,00 EUR",upgrade,
S-00422,R-0351,PL-03,2025-12-01,2026-06-30,0.0,199.00,downgrade,
S-00423,R-0351,PL-02,2026-07-01,NULL,0.0,"99,00 EUR",active,
S-00424,R-0352,PL-04,2025-10-29,NULL,0.0,349.00,active,
S-00425,R-0353,PL-03,2025-08-04,2026-06-30,0.0,199.00,churn,Poco volumen de pedidos
S-00426,R-0354,PL-02,2026-01-27,,0.15,84.15,active,
S-00427,R-0355,PL-02,2025-09-27,NULL,0.1,89.10,active,
S-00428,R-0356,PL-02,2026-07-12,NULL,0.0,"99,00 EUR",active,
S-00429,R-0357, PL-03,2025-02-18,2026-05-31,0.0,199.00,churn,Impago
S-00430,R-0358,PL-03,2025-02-25,2025-12-31,0.0,199.00,churn,Insatisfaccion con el servicio
S-00431,R-0359,PL-02,2025-04-14,2025-10-31,0.15,84.15,upgrade,
S-00432,R-0359, PL-03,2025-11-01,2026-01-31,0.15,"169,15 EUR",upgrade,
S-00433,R-0359,PL-04,2026-02-01,,0.15,"296,65 EUR",active,
S-00434,R-0360,PL-02,2026-05-23,,0.0,99.00,active,
S-00435,R-0361, PL-01,2025-05-27,2025-07-31,0.1,44.10,churn,Insatisfaccion con el servicio
S-00436,R-0362,PL-01,2025-09-16,,0.2,39.20,active,
S-00437,R-0363,PL-03,2025-01-16,2026-02-28,0.15,"169,15 EUR",churn,Poco volumen de pedidos
S-00438,R-0364,PL-02,2025-05-05,2025-12-31,0.0,99.00,upgrade,
S-00439,R-0364,PL-03,2026-01-01,,0.0,199.00,active,
S-00440,R-0365,PL-01,2026-06-03,,0.0,49.00,active,
S-00441,R-0366,PL-03,2025-04-27,,0.2,159.20,active,
S-00442,R-0367,PL-03,2025-05-01,NULL,0.0,199.00,active,
S-00443,R-0368,PL-01,2026-02-12,2026-06-30,0.0,"49,00 EUR",churn,Cierra el negocio
S-00444,R-0369,PL-02,2025-03-02,2025-10-31,0.0,99.00,upgrade,
S-00445,R-0369,PL-03,2025-11-01,,0.0,199.00,active,
S-00446,R-0370,PL-04,2026-08-25,NULL,0.2,279.20,active,
S-00447,R-0371,PL-03,2025-12-12,NULL,0.2,159.20,active,
S-00448,R-0372, PL-02,2025-12-04,,0.0,99.00,active,
S-00449,R-0373,PL-02,2026-07-26,,0.0,99.00,active,
S-00450,R-0374,PL-02,2025-08-01,2026-01-31,0.0,99.00,upgrade,
S-00451,R-0374, PL-03,2026-02-01,2026-05-31,0.0,199.00,downgrade,
S-00452,R-0374,PL-02,2026-06-01,,0.0,99.00,active,
S-00453,R-0375,PL-02,2025-02-16,2025-11-30,0.1,89.10,downgrade,
S-00454,R-0375, PL-01,2025-12-01,2026-02-28,0.1,"44,10 EUR",churn,Cierra el negocio
S-00455,R-0376,PL-02,2025-02-07,,0.2,"79,20 EUR",active,
S-00456,R-0377,PL-01,2025-07-03,2025-09-30,0.2,"39,20 EUR",churn,Se pasa a la competencia
S-00457,R-0378,PL-02,2026-06-05,,0.2,"79,20 EUR",active,
S-00458,R-0379,PL-01,2025-01-24,NULL,0.0,49.00,active,
S-00459,R-0380,PL-03,2026-08-23,NULL,0.0,199.00,active,
S-00460,R-0381,PL-01,2025-10-29,2025-12-31,0.0,49.00,churn,Cierra el negocio
S-00461,R-0382,PL-02,2025-09-27,2026-02-28,0.0,"99,00 EUR",downgrade,
S-00462,R-0382,PL-01,2026-03-01,NULL,0.0,"49,00 EUR",active,
S-00463,R-0383,PL-02,2025-06-02,2025-08-31,0.1,89.10,upgrade,
S-00464,R-0383,PL-03,2025-09-01,,0.1,"179,10 EUR",active,
S-00465,R-0384,PL-03,2025-12-25,,0.0,199.00,active,
S-00466,R-0385,PL-01,2025-06-08,2026-02-28,0.1,44.10,churn,Poco volumen de pedidos
S-00467,R-0386,PL-02,2025-09-28,2026-01-31,0.15,84.15,churn,Insatisfaccion con el servicio
S-00468,R-0387,PL-01,2026-06-29,2026-08-31,0.2,"39,20 EUR",churn,Insatisfaccion con el servicio
S-00469,R-0388,PL-02,2025-03-02,2025-06-30,0.1,89.10,downgrade,
S-00470,R-0388,PL-01,2025-07-01,2025-11-30,0.1,44.10,upgrade,
S-00471,R-0388,PL-02,2025-12-01,2026-03-31,0.1,"89,10 EUR",downgrade,
S-00472,R-0388,PL-01,2026-04-01,NULL,0.1,44.10,active,
S-00473,R-0389,PL-04,2025-10-24,NULL,0.0,"349,00 EUR",active,
S-00474,R-0390,PL-02,2025-08-05,2026-01-31,0.0,99.00,churn,Poco volumen de pedidos
S-00475,R-0391,PL-01,2026-04-05,2026-06-30,0.0,49.00,upgrade,
S-00476,R-0391,PL-02,2026-07-01,NULL,0.0,"99,00 EUR",active,
S-00477,R-0392,PL-02,2025-11-26,,0.0,99.00,active,
S-00478,R-0393, PL-01,2026-08-28,NULL,0.0,49.00,active,
S-00479,R-0394,PL-02,2025-11-16,NULL,0.0,99.00,active,
S-00480,R-0395,PL-02,2026-03-10,,0.2,79.20,active,
S-00481,R-0396,PL-01,2026-01-19,2026-02-28,0.15,41.65,churn,Precio
S-00482,R-0397,PL-03,2026-01-01,NULL,0.15,169.15,active,
S-00483,R-0398,PL-03,2025-11-04,,0.2,159.20,active,
S-00484,R-0399,PL-04,2026-04-26,,0.0,349.00,active,
S-00485,R-0400, PL-02,2026-04-16,NULL,0.0,99.00,active,
S-00486,R-0401,PL-03,2025-07-04,2026-01-31,0.15,169.15,churn,Precio
S-00487,R-0402, PL-03,2026-06-08,,0.0,199.00,active,
S-00488,R-0403, PL-01,2026-05-30,NULL,0.15,41.65,active,
S-00489,R-0404,PL-02,2025-08-02,2026-07-31,0.0,"99,00 EUR",upgrade,
S-00490,R-0404,PL-03,2026-08-01,,0.0,199.00,active,
S-00491,R-0405, PL-01,2026-07-16,NULL,0.0,49.00,active,
S-00492,R-0406,PL-03,2026-07-05,,0.15,"169,15 EUR",active,
S-00493,R-0407,PL-03,2025-11-21,NULL,0.0,199.00,active,
S-00494,R-0408,PL-01,2026-04-30,2026-08-31,0.0,49.00,churn,Cierra el negocio
S-00495,R-0409,PL-02,2025-06-05,,0.1,89.10,active,
S-00496,R-0410,PL-03,2025-11-09,,0.0,199.00,active,
S-00497,R-0411,PL-03,2025-10-09,NULL,0.1,179.10,active,
S-00498,R-0412,PL-01,2025-10-31,2026-03-31,0.0,49.00,churn,Precio
S-00499,R-0413,PL-02,2025-09-15,2025-10-31,0.0,"99,00 EUR",churn,Se pasa a la competencia
S-00500,R-0414,PL-02,2026-07-26,NULL,0.2,"79,20 EUR",active,
S-00501,R-0415, PL-01,2025-04-17,2025-06-30,0.0,49.00,churn,Se pasa a la competencia
S-00502,R-0416,PL-02,2025-11-26,2026-03-31,0.0,"99,00 EUR",churn,Cierra el negocio
S-00503,R-0417,PL-01,2026-08-17,NULL,0.1,"44,10 EUR",active,
S-00504,R-0418,PL-01,2025-08-17,2025-09-30,0.1,44.10,churn,Cierra el negocio
S-00505,R-0419, PL-02,2025-12-22,NULL,0.0,"99,00 EUR",active,
S-00506,R-0420,PL-03,2025-02-21,2025-05-31,0.1,"179,10 EUR",upgrade,
S-00507,R-0420,PL-04,2025-06-01,NULL,0.1,"314,10 EUR",active,
S-00508,R-0421,PL-03,2025-11-24,2026-04-30,0.2,"159,20 EUR",upgrade,
S-00509,R-0421,PL-04,2026-05-01,,0.2,"279,20 EUR",active,
S-00510,R-0422,PL-01,2026-03-11,NULL,0.15,"41,65 EUR",active,
S-00511,R-0423,PL-03,2025-07-20,,0.15,"169,15 EUR",active,
S-00512,R-0424,PL-03,2025-06-19,2026-05-31,0.0,199.00,upgrade,
S-00513,R-0424,PL-04,2026-06-01,NULL,0.0,349.00,active,
S-00514,R-0425,PL-01,2026-01-07,NULL,0.0,49.00,active,
S-00515,R-0426, PL-02,2025-02-01,2025-08-31,0.0,"99,00 EUR",upgrade,
S-00516,R-0426,PL-03,2025-09-01,NULL,0.0,"199,00 EUR",active,
S-00517,R-0427,PL-03,2026-07-02,,0.15,169.15,active,
S-00518,R-0428,PL-03,2026-03-31,,0.15,169.15,active,
S-00519,R-0429,PL-02,2025-07-09,2026-03-31,0.15,"84,15 EUR",upgrade,
S-00520,R-0429,PL-03,2026-04-01,2026-05-31,0.15,169.15,upgrade,
S-00521,R-0429,PL-04,2026-06-01,NULL,0.15,296.65,active,
S-00522,R-0430,PL-03,2026-04-17,NULL,0.15,169.15,active,
S-00523,R-0431,PL-02,2026-02-11,,0.0,99.00,active,
S-00524,R-0432,PL-01,2026-05-18,NULL,0.0,49.00,active,
S-00525,R-0433,PL-03,2026-05-04,2026-08-31,0.2,159.20,churn,Se pasa a la competencia
S-00526,R-0434,PL-03,2025-03-26,2025-12-31,0.15,"169,15 EUR",churn,Poco volumen de pedidos
S-00527,R-0435,PL-02,2026-02-10,,0.2,79.20,active,
S-00528,R-0436,PL-01,2025-03-28,2025-08-31,0.0,49.00,churn,Poco volumen de pedidos
S-00529,R-0437,PL-03,2026-02-04,NULL,0.0,"199,00 EUR",active,
S-00530,R-0438, PL-01,2026-05-21,NULL,0.1,"44,10 EUR",active,
S-00531,R-0439,PL-01,2025-12-24,2026-06-30,0.0,49.00,upgrade,
S-00532,R-0439,PL-02,2026-07-01,NULL,0.0,"99,00 EUR",active,
S-00533,R-0440,PL-03,2026-03-18,,0.2,"159,20 EUR",active,
S-00534,R-0441,PL-03,2026-08-08,,0.0,199.00,active,
S-00535,R-0442,PL-02,2026-04-10,2026-06-30,0.1,"89,10 EUR",churn,Insatisfaccion con el servicio
S-00536,R-0443,PL-04,2026-06-17,NULL,0.2,279.20,active,
S-00537,R-0444,PL-03,2025-12-23,2026-02-28,0.0,"199,00 EUR",churn,Poco volumen de pedidos
S-00538,R-0445,PL-03,2025-07-22,2025-08-31,0.15,"169,15 EUR",churn,Precio
S-00539,R-0446,PL-04,2025-01-22,,0.1,314.10,active,
S-00540,R-0447,PL-03,2025-08-26,2025-12-31,0.0,199.00,upgrade,
S-00541,R-0447,PL-04,2026-01-01,NULL,0.0,349.00,active,
S-00542,R-0448, PL-02,2026-02-09,,0.0,99.00,active,
S-00543,R-0449,PL-01,2026-01-28,NULL,0.0,49.00,active,
S-00544,R-0450,PL-03,2025-09-17,2025-12-31,0.0,199.00,churn,Impago
S-00545,R-0451,PL-02,2025-05-19,,0.2,"79,20 EUR",active,
S-00546,R-0452,PL-02,2026-07-21,,0.0,99.00,active,
S-00547,R-0453,PL-03,2025-09-12,2025-12-31,0.0,"199,00 EUR",upgrade,
S-00548,R-0453,PL-04,2026-01-01,,0.0,"349,00 EUR",active,
S-00549,R-0454,PL-03,2025-06-30,2026-02-28,0.0,199.00,downgrade,
S-00550,R-0454,PL-02,2026-03-01,NULL,0.0,99.00,active,
S-00551,R-0455,PL-03,2025-09-27,NULL,0.15,169.15,active,
S-00552,R-0456,PL-03,2026-07-09,,0.0,199.00,active,
S-00553,R-0457,PL-02,2025-11-17,NULL,0.1,89.10,active,
S-00554,R-0458,PL-02,2026-06-08,,0.15,84.15,active,
S-00555,R-0459,PL-01,2026-05-30,,0.0,"49,00 EUR",active,
S-00556,R-0460,PL-02,2026-08-09,,0.0,99.00,active,
S-00557,R-0461, PL-01,2026-04-07,NULL,0.2,39.20,active,
S-00558,R-0462,PL-03,2025-12-23,NULL,0.1,"179,10 EUR",active,
S-00559,R-0463,PL-02,2025-12-11,,0.15,84.15,active,
S-00560,R-0464,PL-01,2025-04-01,2026-05-31,0.1,44.10,upgrade,
S-00561,R-0464,PL-02,2026-06-01,2026-06-30,0.1,89.10,upgrade,
S-00562,R-0464, PL-03,2026-07-01,,0.1,179.10,active,
S-00563,R-0465,PL-02,2026-02-21,2026-04-30,0.0,"99,00 EUR",upgrade,
S-00564,R-0465,PL-03,2026-05-01,2026-06-30,0.0,199.00,upgrade,
S-00565,R-0465,PL-04,2026-07-01,,0.0,349.00,active,
S-00566,R-0466,PL-02,2025-07-11,2026-01-31,0.15,"84,15 EUR",churn,Precio
S-00567,R-0467, PL-03,2025-10-26,2025-11-30,0.0,199.00,churn,Poco volumen de pedidos
S-00568,R-0468,PL-01,2025-09-07,2026-03-31,0.0,49.00,upgrade,
S-00569,R-0468,PL-02,2026-04-01,2026-04-30,0.0,"99,00 EUR",churn,Cierra el negocio
S-00570,R-0469,PL-02,2025-10-31,NULL,0.1,89.10,active,
S-00571,R-0470,PL-01,2025-10-05,2026-03-31,0.15,41.65,churn,Poco volumen de pedidos
S-00572,R-0471,PL-02,2026-05-16,,0.0,99.00,active,
S-00573,R-0472,PL-02,2025-04-22,2025-06-30,0.0,99.00,upgrade,
S-00574,R-0472,PL-03,2025-07-01,2026-06-30,0.0,"199,00 EUR",upgrade,
S-00575,R-0472, PL-04,2026-07-01,,0.0,"349,00 EUR",active,
S-00576,R-0473,PL-01,2026-02-04,2026-05-31,0.2,39.20,upgrade,
S-00577,R-0473,PL-02,2026-06-01,,0.2,"79,20 EUR",active,
S-00578,R-0474,PL-03,2025-06-25,2025-07-31,0.0,199.00,churn,Poco volumen de pedidos
S-00579,R-0475,PL-03,2026-08-24,NULL,0.2,159.20,active,
S-00580,R-0476,PL-03,2025-12-15,NULL,0.2,159.20,active,
S-00581,R-0477,PL-02,2026-01-04,2026-07-31,0.0,99.00,churn,Cierra el negocio
S-00582,R-0478, PL-01,2026-05-09,NULL,0.1,"44,10 EUR",active,
S-00583,R-0479,PL-03,2026-06-20,NULL,0.2,159.20,active,
S-00584,R-0480,PL-02,2026-06-17,NULL,0.1,89.10,active,
S-00585,R-0481,PL-02,2026-04-08,,0.0,99.00,active,
S-00586,R-0482,PL-01,2025-12-07,NULL,0.0,49.00,active,
S-00587,R-0483,PL-02,2025-10-20,2025-11-30,0.15,84.15,churn,Se pasa a la competencia
S-00588,R-0484,PL-01,2026-01-05,NULL,0.0,"49,00 EUR",active,
S-00589,R-0485,PL-01,2026-08-25,NULL,0.0,49.00,active,
S-00590,R-0486,PL-03,2025-12-03,2026-02-28,0.0,"199,00 EUR",upgrade,
S-00591,R-0486,PL-04,2026-03-01,,0.0,349.00,active,
S-00592,R-0487,PL-01,2025-04-26,,0.0,49.00,active,
S-00593,R-0488,PL-02,2025-08-21,,0.0,99.00,active,
S-00594,R-0489,PL-01,2026-02-03,,0.0,49.00,active,
S-00595,R-0490,PL-01,2025-11-16,2026-06-30,0.0,49.00,upgrade,
S-00596,R-0490,PL-02,2026-07-01,,0.0,99.00,active,
S-00597,R-0491,PL-03,2025-01-27,,0.1,179.10,active,
S-00598,R-0492,PL-02,2026-02-05,NULL,0.0,99.00,active,
S-00599,R-0493,PL-01,2026-04-04,,0.0,"49,00 EUR",active,
S-00600,R-0494,PL-03,2026-07-25,,0.0,199.00,active,
S-00601,R-0495,PL-01,2025-02-16,2025-11-30,0.0,"49,00 EUR",churn,Cierra el negocio
S-00602,R-0496,PL-02,2026-08-17,,0.0,99.00,active,
S-00603,R-0497,PL-03,2025-10-30,2026-07-31,0.1,179.10,churn,Cierra el negocio
S-00604,R-0498,PL-03,2026-06-03,,0.0,199.00,active,
S-00605,R-0499,PL-02,2026-04-29,,0.0,"99,00 EUR",active,
S-00606,R-0500,PL-03,2026-08-14,,0.0,"199,00 EUR",active,
S-00607,R-0501,PL-04,2025-09-29,,0.15,296.65,active,
S-00608,R-0502,PL-02,2025-07-24,2026-03-31,0.1,"89,10 EUR",churn,Impago
S-00609,R-0503,PL-04,2026-04-12,,0.2,279.20,active,
S-00610,R-0504,PL-01,2026-05-09,NULL,0.1,"44,10 EUR",active,
S-00611,R-0505,PL-01,2026-03-16,2026-05-31,0.0,49.00,churn,Precio
S-00612,R-0506,PL-01,2026-08-22,NULL,0.0,49.00,active,
S-00613,R-0507,PL-02,2025-10-16,2025-11-30,0.0,"99,00 EUR",churn,Insatisfaccion con el servicio
S-00614,R-0508,PL-02,2026-02-06,2026-08-31,0.0,"99,00 EUR",churn,Insatisfaccion con el servicio
S-00615,R-0509,PL-02,2026-06-02,,0.0,99.00,active,
S-00616,R-0510,PL-01,2025-04-07,2026-02-28,0.0,"49,00 EUR",churn,Precio
S-00617,R-0511, PL-04,2026-06-02,,0.0,349.00,active,
S-00618,R-0512,PL-02,2025-09-29,NULL,0.2,79.20,active,
S-00619,R-0513,PL-03,2025-05-19,,0.2,"159,20 EUR",active,
S-00620,R-0514,PL-01,2025-10-09,,0.0,49.00,active,
S-00621,R-0515,PL-02,2025-11-17,2026-01-31,0.15,"84,15 EUR",upgrade,
S-00622,R-0515,PL-03,2026-02-01,2026-03-31,0.15,169.15,downgrade,
S-00623,R-0515,PL-02,2026-04-01,,0.15,84.15,active,
S-00624,R-0516,PL-02,2026-04-20,,0.15,84.15,active,
S-00625,R-0517,PL-03,2026-07-05,,0.0,199.00,active,
S-00626,R-0518,PL-02,2025-09-17,NULL,0.0,99.00,active,
S-00627,R-0519,PL-03,2025-05-16,,0.15,169.15,active,
S-00628,R-0520,PL-02,2025-12-17,2026-07-31,0.0,"99,00 EUR",churn,Precio
S-00629,R-0521,PL-01,2026-08-20,,0.15,"41,65 EUR",active,
S-00630,R-0522,PL-03,2026-07-30,NULL,0.0,199.00,active,
S-00631,R-0523,PL-03,2025-04-26,2025-10-31,0.0,199.00,churn,Precio
S-00632,R-0524,PL-01,2026-03-29,,0.1,44.10,active,
S-00633,R-0525,PL-03,2025-01-25,2025-07-31,0.1,179.10,upgrade,
S-00634,R-0525,PL-04,2025-08-01,,0.1,314.10,active,
S-00635,R-0526,PL-01,2025-05-13,2025-12-31,0.15,41.65,churn,Poco volumen de pedidos
S-00636,R-0527,PL-01,2025-12-30,2026-05-31,0.15,41.65,churn,Impago
S-00637,R-0528,PL-02,2026-05-05,,0.15,84.15,active,
S-00638,R-0529,PL-03,2025-09-06,NULL,0.15,169.15,active,
S-00639,R-0530,PL-02,2025-08-22,NULL,0.0,99.00,active,
S-00640,R-0531, PL-02,2025-01-25,,0.1,89.10,active,
S-00641,R-0532,PL-01,2026-07-16,NULL,0.2,"39,20 EUR",active,
S-00642,R-0533,PL-03,2025-07-21,2025-11-30,0.1,179.10,upgrade,
S-00643,R-0533, PL-04,2025-12-01,,0.1,314.10,active,
S-00644,R-0534,PL-03,2025-09-29,2025-12-31,0.0,"199,00 EUR",churn,Poco volumen de pedidos
S-00645,R-0535,PL-03,2025-08-09,2026-01-31,0.1,179.10,churn,Poco volumen de pedidos
S-00646,R-0536,PL-02,2025-06-30,,0.0,99.00,active,
S-00647,R-0537,PL-01,2026-08-19,,0.15,"41,65 EUR",active,
S-00648,R-0538,PL-02,2025-01-08,NULL,0.0,99.00,active,
S-00649,R-0539, PL-04,2025-12-09,NULL,0.0,349.00,active,
S-00650,R-0540, PL-01,2026-06-06,NULL,0.0,49.00,active,
S-00651,R-0541,PL-02,2026-01-12,2026-05-31,0.0,99.00,upgrade,
S-00652,R-0541,PL-03,2026-06-01,NULL,0.0,199.00,active,
S-00653,R-0542,PL-02,2026-05-25,,0.0,"99,00 EUR",active,
S-00654,R-0543,PL-02,2026-02-12,,0.0,99.00,active,
S-00655,R-0544,PL-04,2026-04-18,,0.0,349.00,active,
S-00656,R-0545,PL-03,2025-05-15,2025-07-31,0.0,199.00,churn,Precio
S-00657,R-0546,PL-03,2026-06-18,NULL,0.0,"199,00 EUR",active,
S-00658,R-0547, PL-03,2025-10-02,,0.15,"169,15 EUR",active,
S-00659,R-0548,PL-01,2025-10-26,,0.1,44.10,active,
S-00660,R-0549, PL-03,2025-03-27,NULL,0.0,199.00,active,
S-00661,R-0550, PL-01,2025-01-16,,0.0,"49,00 EUR",active,
S-00662,R-0551,PL-02,2025-06-08,NULL,0.0,99.00,active,
S-00663,R-0552, PL-02,2026-01-20,,0.0,99.00,active,
S-00664,R-0553,PL-02,2025-05-12,2026-01-31,0.0,99.00,downgrade,
S-00665,R-0553,PL-01,2026-02-01,,0.0,49.00,active,
S-00666,R-0554,PL-03,2025-11-24,2026-01-31,0.0,"199,00 EUR",churn,Poco volumen de pedidos
S-00667,R-0555,PL-01,2025-10-08,2026-05-31,0.15,41.65,upgrade,
S-00668,R-0555,PL-02,2026-06-01,2026-06-30,0.15,"84,15 EUR",churn,Se pasa a la competencia
S-00669,R-0556,PL-02,2026-01-01,2026-04-30,0.0,"99,00 EUR",downgrade,
S-00670,R-0556,PL-01,2026-05-01,,0.0,49.00,active,
S-00671,R-0557,PL-04,2026-06-05,,0.15,296.65,active,
S-00672,R-0558,PL-04,2026-07-22,NULL,0.0,349.00,active,
S-00673,R-0559,PL-01,2025-01-23,2025-02-28,0.0,49.00,churn,Poco volumen de pedidos
S-00674,R-0560,PL-02,2025-08-04,2026-06-30,0.0,99.00,upgrade,
S-00675,R-0560,PL-03,2026-07-01,NULL,0.0,199.00,active,
S-00676,R-0561,PL-02,2026-06-20,,0.0,99.00,active,
S-00677,R-0562,PL-01,2026-06-20,NULL,0.0,49.00,active,
S-00678,R-0563,PL-01,2025-04-16,2025-06-30,0.0,49.00,churn,Poco volumen de pedidos
S-00679,R-0564,PL-02,2026-06-22,,0.0,99.00,active,
S-00680,R-0565, PL-02,2026-06-19,,0.0,"99,00 EUR",active,
S-00681,R-0566, PL-02,2025-11-15,,0.0,99.00,active,
S-00682,R-0567,PL-01,2025-12-17,2026-06-30,0.0,"49,00 EUR",churn,Insatisfaccion con el servicio
S-00683,R-0568,PL-01,2025-01-06,2025-04-30,0.0,"49,00 EUR",upgrade,
S-00684,R-0568,PL-02,2025-05-01,,0.0,99.00,active,
S-00685,R-0569,PL-01,2026-05-24,NULL,0.15,41.65,active,
S-00686,R-0570,PL-02,2025-01-06,2025-06-30,0.0,99.00,churn,Cierra el negocio
S-00687,R-0571,PL-01,2026-08-31,NULL,0.0,"49,00 EUR",active,
S-00688,R-0572,PL-01,2025-10-19,2026-01-31,0.0,49.00,churn,Poco volumen de pedidos
S-00689,R-0573,PL-04,2026-05-26,,0.0,349.00,active,
S-00690,R-0574,PL-01,2026-07-23,NULL,0.1,44.10,active,
S-00691,R-0575,PL-02,2025-03-31,2025-05-31,0.0,"99,00 EUR",downgrade,
S-00692,R-0575,PL-01,2025-06-01,2025-06-30,0.0,"49,00 EUR",churn,Insatisfaccion con el servicio
S-00693,R-0576, PL-01,2025-10-29,,0.15,41.65,active,
S-00694,R-0577,PL-02,2025-09-18,2026-06-30,0.0,99.00,churn,Precio
S-00695,R-0578,PL-03,2026-02-17,NULL,0.0,199.00,active,
S-00696,R-0579,PL-02,2025-01-18,2025-05-31,0.0,99.00,downgrade,
S-00697,R-0579,PL-01,2025-06-01,,0.0,49.00,active,
S-00698,R-0580,PL-01,2025-07-14,2025-11-30,0.0,49.00,churn,Poco volumen de pedidos
S-00699,R-0581, PL-03,2025-11-06,2026-03-31,0.1,179.10,churn,Poco volumen de pedidos
S-00700,R-0582,PL-01,2026-06-07,NULL,0.15,"41,65 EUR",active,
S-00701,R-0583,PL-02,2026-08-21,NULL,0.2,79.20,active,
S-00702,R-0584,PL-02,2026-06-24,,0.2,"79,20 EUR",active,
S-00703,R-0585,PL-02,2025-08-30,2026-03-31,0.1,89.10,downgrade,
S-00704,R-0585,PL-01,2026-04-01,2026-06-30,0.1,44.10,churn,Poco volumen de pedidos
S-00705,R-0586,PL-02,2025-01-06,2025-03-31,0.0,99.00,upgrade,
S-00706,R-0586,PL-03,2025-04-01,2026-07-31,0.0,199.00,upgrade,
S-00707,R-0586,PL-04,2026-08-01,NULL,0.0,349.00,active,
S-00708,R-0587,PL-03,2026-05-03,NULL,0.0,"199,00 EUR",active,
S-00709,R-0588,PL-02,2026-02-26,NULL,0.0,99.00,active,
S-00710,R-0589,PL-01,2025-03-20,NULL,0.0,49.00,active,
S-00711,R-0590,PL-03,2026-02-18,,0.0,"199,00 EUR",active,
S-00712,R-0591,PL-03,2026-08-08,,0.0,"199,00 EUR",active,
S-00713,R-0592,PL-02,2026-03-04,NULL,0.0,"99,00 EUR",active,
S-00714,R-0593,PL-02,2026-04-19,2026-06-30,0.2,79.20,churn,Cierra el negocio
S-00715,R-0594,PL-02,2025-04-26,,0.0,99.00,active,
S-00716,R-0595,PL-02,2025-12-22,2026-01-31,0.0,99.00,churn,Precio
S-00717,R-0596,PL-01,2026-05-23,,0.0,"49,00 EUR",active,
S-00718,R-0597,PL-01,2025-08-01,2025-12-31,0.0,49.00,upgrade,
S-00719,R-0597,PL-02,2026-01-01,,0.0,99.00,active,
S-00720,R-0598,PL-01,2026-06-25,,0.0,49.00,active,
S-00721,R-0599,PL-01,2026-08-31,NULL,0.2,39.20,active,
S-00722,R-0600,PL-03,2026-06-09,NULL,0.0,"199,00 EUR",active,
