ticket_id,restaurant_id,ticket_date,category,resolution_hours,satisfaction_score
T-000001,R-0002,2025-09-12,Onboarding,20.9,5
T-000002,R-0002,2025-10-15,Technical,1.3,5
T-000003,R-0002,2026-01-31,Onboarding,6.6,3
T-000004,R-0003,2026-03-11,Billing,21.2,5
T-000005,R-0003,2026-05-07,Onboarding,25.6,5
T-000006,R-0004,2026-03-20,Billing,0.8,2
T-000007,R-0004,2026-06-03,Payments,22.5,5
T-000008,R-0004,2026-06-22,Billing,10.3,4
T-000009,R-0004,2026-08-25,Onboarding,19.8,4
T-000010,R-0005,2025-11-19,Billing,9.2,4
T-000011,R-0005,2026-02-02,Payments,7.7,4
T-000012,R-0005,2026-06-17,Payments,6.8,4
T-000013,R-0005,2026-08-20,Onboarding,8.5,5
T-000014,R-0006,2025-10-31,Menu,15.2,5
T-000015,R-0006,2025-11-27,Technical,17.9,2
T-000016,R-0006,2026-04-13,Onboarding,23.9,4
T-000017,R-0006,2026-07-27,Menu,2.9,5
T-000018,R-0007,2026-05-04,Onboarding,9.6,5
T-000019,R-0008,2026-06-27,Menu,5.1,3
T-000020,R-0009,2025-09-28,Billing,9.2,3
T-000021,R-0009,2025-09-28,Billing,4.7,5
T-000022,R-0009,2025-09-21,Onboarding,24.4,2
T-000023,R-0009,2025-11-20,Onboarding,7.9,4
T-000024,R-0009,2025-11-18,Menu,7.9,3
T-000025,R-0009,2026-02-28,Onboarding,8.5,4
T-000026,R-0009,2026-04-26,Onboarding,2.4,3
T-000027,R-0009,2026-05-26,Menu,2.5,4
T-000028,R-0009,2026-05-08,Onboarding,25.9,2
T-000029,R-0009,2026-05-03,Technical,10.1,4
T-000030,R-0009,2026-05-15,Billing,39.9,3
T-000031,R-0010,2025-04-19,Onboarding,6.3,4
T-000032,R-0010,2025-12-21,Billing,11.6,5
T-000033,R-0010,2026-01-26,Payments,3.0,5
T-000034,R-0010,2026-02-14,Technical,10.9,5
T-000035,R-0010,2026-03-24,Technical,12.8,4
T-000036,R-0010,2026-03-17,Technical,4.1,3
T-000037,R-0010,2026-04-13,Billing,6.4,1
T-000038,R-0012,2026-01-30,Onboarding,6.0,2
T-000039,R-0012,2026-06-02,Menu,28.4,5
T-000040,R-0012,2026-07-13,Technical,7.4,4
T-000041,R-0014,2026-04-25,Billing,9.6,3
T-000042,R-0015,2025-06-30,Technical,19.7,5
T-000043,R-0015,2025-09-21,Technical,5.4,5
T-000044,R-0015,2026-02-22,Payments,13.0,3
T-000045,R-0015,2026-02-22,Payments,2.0,1
T-000046,R-0015,2026-03-24,Technical,7.3,4
T-000047,R-0017,2025-12-10,Technical,16.2,3
T-000048,R-0017,2026-02-10,Onboarding,4.2,4
T-000049,R-0017,2026-06-06,Payments,21.2,2
T-000050,R-0017,2026-07-23,Billing,6.1,4
T-000051,R-0018,2026-08-02,Payments,10.6,4
T-000052,R-0020,2025-10-26,Technical,6.2,2
T-000053,R-0020,2025-10-22,Billing,6.0,5
T-000054,R-0020,2025-12-23,Onboarding,18.9,4
T-000055,R-0020,2026-01-30,Onboarding,6.8,3
T-000056,R-0020,2026-01-10,Onboarding,5.2,2
T-000057,R-0020,2026-02-06,Onboarding,9.5,4
T-000058,R-0020,2026-04-17,Payments,16.8,5
T-000059,R-0020,2026-06-06,Technical,9.1,4
T-000060,R-0020,2026-07-06,Onboarding,18.6,4
T-000061,R-0020,2026-08-04,Menu,6.6,2
T-000062,R-0021,2026-04-28,Billing,1.7,3
T-000063,R-0021,2026-04-30,Billing,3.2,3
T-000064,R-0021,2026-04-30,Technical,25.2,4
T-000065,R-0021,2026-04-28,Payments,15.0,5
T-000066,R-0021,2026-07-22,Billing,20.4,5
T-000067,R-0021,2026-07-20,Technical,22.9,5
T-000068,R-0021,2026-08-08,Technical,15.7,5
T-000069,R-0022,2026-08-25,Technical,7.2,5
T-000070,R-0023,2025-04-24,Technical,12.3,2
T-000071,R-0023,2025-04-24,Payments,5.0,5
T-000072,R-0023,2025-04-26,Payments,18.9,4
T-000073,R-0023,2025-09-05,Menu,10.9,4
T-000074,R-0023,2025-09-05,Payments,21.6,4
T-000075,R-0023,2025-10-17,Onboarding,5.6,4
T-000076,R-0023,2025-10-30,Onboarding,9.8,5
T-000077,R-0023,2025-10-08,Technical,11.2,5
T-000078,R-0023,2025-11-25,Menu,7.2,5
T-000079,R-0023,2026-03-24,Billing,8.7,5
T-000080,R-0023,2026-07-20,Menu,12.8,4
T-000081,R-0024,2025-10-25,Menu,3.5,5
T-000082,R-0024,2026-02-28,Billing,1.2,3
T-000083,R-0024,2026-02-13,Billing,4.6,3
T-000084,R-0024,2026-02-16,Billing,7.7,4
T-000085,R-0024,2026-04-26,Onboarding,3.9,5
T-000086,R-0024,2026-07-18,Technical,5.0,5
T-000087,R-0024,2026-08-17,Onboarding,17.6,3
T-000088,R-0024,2026-08-28,Onboarding,15.2,5
T-000089,R-0024,2026-08-24,Technical,5.8,5
T-000090,R-0024,2026-08-09,Onboarding,19.7,5
T-000091,R-0025,2025-01-20,Payments,26.6,5
T-000092,R-0026,2026-04-08,Billing,11.7,3
T-000093,R-0026,2026-07-13,Billing,3.1,5
T-000094,R-0026,2026-07-13,Technical,18.6,2
T-000095,R-0027,2025-07-01,Billing,12.0,4
T-000096,R-0027,2025-08-17,Technical,3.4,4
T-000097,R-0027,2025-10-15,Onboarding,19.4,4
T-000098,R-0027,2025-11-06,Payments,5.9,4
T-000099,R-0027,2026-02-09,Onboarding,1.4,3
T-000100,R-0027,2026-03-15,Billing,39.1,1
T-000101,R-0027,2026-04-28,Billing,26.2,5
T-000102,R-0027,2026-04-04,Technical,16.1,3
T-000103,R-0027,2026-06-18,Billing,16.1,3
T-000104,R-0027,2026-07-06,Technical,23.5,3
T-000105,R-0028,2025-08-29,Onboarding,11.8,4
T-000106,R-0028,2025-08-29,Onboarding,10.6,4
T-000107,R-0028,2025-10-09,Billing,10.0,5
T-000108,R-0029,2026-02-28,Technical,13.3,3
T-000109,R-0029,2026-03-31,Technical,24.9,4
T-000110,R-0029,2026-06-14,Billing,17.2,4
T-000111,R-0029,2026-07-25,Technical,17.3,5
T-000112,R-0030,2026-07-16,Payments,21.8,3
T-000113,R-0031,2026-04-15,Onboarding,24.8,3
T-000114,R-0032,2026-02-27,Technical,10.7,5
T-000115,R-0032,2026-04-03,Menu,23.1,3
T-000116,R-0034,2026-08-20,Billing,17.9,4
T-000117,R-0034,2026-08-23,Onboarding,11.7,4
T-000118,R-0034,2026-08-31,Payments,30.8,4
T-000119,R-0035,2025-08-06,Billing,3.0,5
T-000120,R-0035,2025-09-23,Menu,22.3,4
T-000121,R-0035,2025-10-27,Technical,25.3,4
T-000122,R-0035,2026-03-18,Onboarding,5.4,3
T-000123,R-0035,2026-04-15,Technical,12.4,5
T-000124,R-0035,2026-07-13,Billing,1.0,4
T-000125,R-0036,2025-12-18,Menu,9.0,3
T-000126,R-0036,2026-02-04,Technical,28.6,4
T-000127,R-0036,2026-05-15,Billing,16.1,2
T-000128,R-0037,2025-06-29,Payments,14.2,5
T-000129,R-0037,2025-09-18,Technical,3.0,2
T-000130,R-0037,2025-10-25,Menu,7.2,1
T-000131,R-0040,2026-03-02,Menu,10.3,5
T-000132,R-0042,2025-10-07,Onboarding,43.7,5
T-000133,R-0042,2025-10-22,Onboarding,10.3,5
T-000134,R-0042,2025-11-14,Menu,18.8,5
T-000135,R-0042,2026-07-28,Billing,8.0,4
T-000136,R-0043,2026-06-14,Billing,10.2,5
T-000137,R-0044,2026-01-07,Billing,11.4,2
T-000138,R-0044,2026-03-26,Technical,14.8,4
T-000139,R-0044,2026-03-03,Technical,15.0,4
T-000140,R-0046,2025-04-16,Menu,5.0,4
T-000141,R-0046,2025-05-29,Billing,2.5,3
T-000142,R-0046,2025-09-03,Billing,4.1,5
T-000143,R-0046,2025-11-21,Onboarding,5.1,1
T-000144,R-0046,2026-02-28,Technical,19.1,3
T-000145,R-0047,2026-05-16,Onboarding,9.1,5
T-000146,R-0047,2026-08-25,Billing,1.8,5
T-000147,R-0047,2026-08-27,Menu,4.6,5
T-000148,R-0048,2026-07-31,Billing,4.3,5
T-000149,R-0049,2025-11-10,Technical,8.7,1
T-000150,R-0049,2025-11-23,Technical,6.6,4
T-000151,R-0050,2025-01-20,Billing,29.8,4
T-000152,R-0050,2025-01-15,Technical,18.2,5
T-000153,R-0052,2026-07-29,Payments,2.9,2
T-000154,R-0052,2026-07-29,Billing,4.0,2
T-000155,R-0052,2026-08-16,Technical,12.6,5
T-000156,R-0052,2026-08-04,Payments,2.4,4
T-000157,R-0053,2025-03-08,Onboarding,8.0,5
T-000158,R-0053,2025-03-01,Payments,6.8,4
T-000159,R-0053,2025-06-05,Technical,16.7,4
T-000160,R-0053,2025-06-13,Onboarding,4.1,5
T-000161,R-0053,2025-07-19,Technical,29.0,5
T-000162,R-0053,2025-11-20,Payments,4.5,4
T-000163,R-0053,2025-12-01,Menu,17.5,3
T-000164,R-0053,2026-02-18,Technical,8.5,4
T-000165,R-0053,2026-03-10,Billing,22.5,3
T-000166,R-0053,2026-07-17,Menu,13.1,4
T-000167,R-0055,2025-12-12,Menu,16.2,3
T-000168,R-0055,2026-05-12,Onboarding,5.5,4
T-000169,R-0055,2026-07-19,Menu,13.8,5
T-000170,R-0056,2025-07-22,Menu,34.0,5
T-000171,R-0059,2025-10-31,Technical,9.0,3
T-000172,R-0059,2025-11-17,Billing,6.3,3
T-000173,R-0059,2025-11-19,Payments,8.4,2
T-000174,R-0059,2026-02-03,Menu,28.0,5
T-000175,R-0059,2026-02-05,Technical,6.0,5
T-000176,R-0059,2026-05-31,Payments,20.9,4
T-000177,R-0059,2026-06-12,Billing,4.1,1
T-000178,R-0059,2026-07-10,Billing,20.6,4
T-000179,R-0059,2026-07-17,Technical,4.5,3
T-000180,R-0060,2026-07-25,Onboarding,1.6,3
T-000181,R-0061,2025-06-20,Onboarding,11.6,1
T-000182,R-0061,2025-08-26,Onboarding,0.8,5
T-000183,R-0061,2025-08-03,Onboarding,10.2,1
T-000184,R-0061,2025-11-05,Payments,4.5,5
T-000185,R-0061,2025-12-04,Billing,1.6,2
T-000186,R-0061,2026-01-23,Technical,5.7,3
T-000187,R-0064,2026-08-13,Billing,0.6,5
T-000188,R-0065,2025-11-18,Menu,3.9,3
T-000189,R-0067,2026-07-30,Billing,12.4,5
T-000190,R-0067,2026-08-15,Billing,2.9,4
T-000191,R-0068,2026-07-02,Billing,8.5,5
T-000192,R-0069,2026-05-31,Payments,24.2,5
T-000193,R-0069,2026-05-30,Technical,10.7,5
T-000194,R-0070,2026-03-12,Technical,28.7,5
T-000195,R-0071,2026-08-31,Technical,13.0,5
T-000196,R-0072,2025-09-30,Menu,10.7,5
T-000197,R-0072,2025-10-17,Billing,2.3,4
T-000198,R-0073,2026-06-27,Menu,18.4,4
T-000199,R-0073,2026-06-25,Billing,5.0,5
T-000200,R-0074,2026-01-21,Billing,14.3,5
T-000201,R-0075,2025-08-30,Technical,4.4,5
T-000202,R-0075,2026-01-20,Billing,8.4,5
T-000203,R-0075,2026-04-04,Billing,43.3,5
T-000204,R-0075,2026-08-05,Technical,20.1,3
T-000205,R-0075,2026-08-20,Payments,1.2,5
T-000206,R-0076,2025-08-24,Technical,26.8,2
T-000207,R-0079,2025-09-16,Technical,20.0,1
T-000208,R-0079,2026-06-29,Menu,8.4,4
T-000209,R-0081,2025-05-14,Menu,4.6,4
T-000210,R-0081,2025-07-30,Onboarding,24.9,4
T-000211,R-0081,2026-01-22,Billing,4.9,4
T-000212,R-0081,2026-03-27,Technical,5.6,5
T-000213,R-0081,2026-04-28,Billing,11.9,4
T-000214,R-0083,2025-12-07,Billing,2.8,4
T-000215,R-0083,2026-02-08,Billing,2.6,2
T-000216,R-0083,2026-06-06,Technical,13.7,4
T-000217,R-0083,2026-07-13,Onboarding,10.8,5
T-000218,R-0085,2026-03-19,Technical,9.9,4
T-000219,R-0085,2026-03-24,Technical,19.0,4
T-000220,R-0086,2026-05-29,Menu,4.6,5
T-000221,R-0087,2025-06-24,Menu,19.6,5
T-000222,R-0088,2026-08-26,Technical,16.2,5
T-000223,R-0089,2025-11-25,Technical,9.0,5
T-000224,R-0089,2026-03-29,Onboarding,3.9,5
T-000225,R-0089,2026-04-11,Onboarding,14.3,5
T-000226,R-0089,2026-05-13,Onboarding,9.6,5
T-000227,R-0089,2026-05-06,Menu,7.7,4
T-000228,R-0089,2026-06-26,Menu,9.3,3
T-000229,R-0089,2026-06-01,Technical,28.6,1
T-000230,R-0089,2026-08-02,Billing,17.0,5
T-000231,R-0090,2025-07-17,Menu,23.9,5
T-000232,R-0090,2025-10-11,Onboarding,5.5,4
T-000233,R-0090,2025-11-01,Technical,23.2,3
T-000234,R-0090,2026-01-23,Menu,5.1,5
T-000235,R-0090,2026-02-07,Billing,9.1,5
T-000236,R-0090,2026-05-25,Onboarding,30.9,5
T-000237,R-0090,2026-08-10,Onboarding,4.0,5
T-000238,R-0091,2025-07-27,Menu,16.8,3
T-000239,R-0091,2025-08-15,Technical,13.8,4
T-000240,R-0091,2025-11-06,Menu,7.8,2
T-000241,R-0091,2025-12-16,Onboarding,6.7,4
T-000242,R-0091,2026-01-04,Technical,26.9,2
T-000243,R-0091,2026-01-24,Onboarding,3.9,3
T-000244,R-0091,2026-01-08,Onboarding,7.6,4
T-000245,R-0091,2026-03-06,Billing,0.8,2
T-000246,R-0091,2026-03-06,Technical,13.3,3
T-000247,R-0092,2025-04-30,Technical,9.3,5
T-000248,R-0092,2025-05-24,Payments,9.2,4
T-000249,R-0092,2025-09-18,Technical,13.7,4
T-000250,R-0092,2025-09-07,Billing,1.6,4
T-000251,R-0092,2025-11-22,Technical,8.0,3
T-000252,R-0092,2025-11-24,Technical,10.3,5
T-000253,R-0092,2025-12-28,Billing,23.2,4
T-000254,R-0092,2025-12-04,Technical,8.8,4
T-000255,R-0093,2026-08-28,Technical,21.7,3
T-000256,R-0094,2026-06-26,Billing,14.9,5
T-000257,R-0094,2026-08-28,Onboarding,28.3,5
T-000258,R-0095,2025-08-28,Menu,2.2,3
T-000259,R-0098,2026-01-17,Technical,20.8,4
T-000260,R-0098,2026-01-28,Billing,12.7,5
T-000261,R-0098,2026-03-16,Onboarding,6.0,4
T-000262,R-0098,2026-04-26,Billing,8.7,4
T-000263,R-0098,2026-04-30,Onboarding,22.3,4
T-000264,R-0098,2026-05-13,Billing,13.5,3
T-000265,R-0098,2026-06-06,Menu,10.6,5
T-000266,R-0099,2025-08-24,Technical,1.3,5
T-000267,R-0099,2025-08-31,Billing,5.3,4
T-000268,R-0100,2025-07-31,Technical,21.6,5
T-000269,R-0100,2026-02-21,Onboarding,3.8,3
T-000270,R-0100,2026-05-06,Technical,10.1,3
T-000271,R-0100,2026-07-09,Technical,7.6,3
T-000272,R-0101,2025-06-16,Onboarding,8.7,3
T-000273,R-0101,2025-07-08,Billing,16.6,4
T-000274,R-0101,2025-09-07,Billing,12.9,5
T-000275,R-0101,2026-03-15,Technical,6.7,5
T-000276,R-0101,2026-04-08,Payments,9.8,5
T-000277,R-0101,2026-07-02,Technical,15.8,5
T-000278,R-0101,2026-08-29,Onboarding,15.5,4
T-000279,R-0102,2025-10-29,Billing,2.1,4
T-000280,R-0103,2025-07-31,Technical,26.9,5
T-000281,R-0103,2025-12-25,Payments,4.0,5
T-000282,R-0103,2026-03-16,Technical,3.9,5
T-000283,R-0104,2025-02-27,Onboarding,17.0,2
T-000284,R-0104,2025-02-28,Technical,5.8,5
T-000285,R-0104,2025-05-02,Billing,4.4,5
T-000286,R-0104,2025-10-09,Technical,4.3,3
T-000287,R-0104,2025-11-07,Technical,3.1,5
T-000288,R-0104,2025-12-13,Payments,9.1,5
T-000289,R-0104,2026-01-07,Technical,12.2,4
T-000290,R-0104,2026-01-23,Payments,11.1,5
T-000291,R-0107,2025-11-29,Technical,6.2,4
T-000292,R-0108,2026-08-16,Billing,5.9,2
T-000293,R-0109,2026-01-27,Technical,5.3,2
T-000294,R-0109,2026-01-01,Onboarding,12.5,4
T-000295,R-0109,2026-05-09,Technical,17.8,5
T-000296,R-0110,2025-04-25,Technical,2.2,4
T-000297,R-0110,2025-05-16,Technical,4.3,4
T-000298,R-0110,2025-08-23,Billing,7.8,5
T-000299,R-0110,2025-09-02,Technical,5.0,3
T-000300,R-0110,2025-10-20,Technical,7.2,1
T-000301,R-0110,2025-11-28,Billing,60.7,2
T-000302,R-0110,2026-01-17,Technical,8.2,3
T-000303,R-0110,2026-01-03,Onboarding,14.0,2
T-000304,R-0110,2026-06-23,Technical,11.9,5
T-000305,R-0110,2026-08-15,Technical,1.7,5
T-000306,R-0111,2025-06-20,Technical,15.9,5
T-000307,R-0111,2025-06-23,Onboarding,16.3,5
T-000308,R-0111,2025-07-21,Technical,4.4,5
T-000309,R-0111,2025-09-22,Billing,5.5,3
T-000310,R-0111,2025-10-12,Billing,18.4,4
T-000311,R-0111,2025-12-07,Billing,12.7,4
T-000312,R-0111,2026-01-09,Technical,8.3,4
T-000313,R-0111,2026-02-26,Billing,3.2,5
T-000314,R-0111,2026-04-18,Technical,11.3,1
T-000315,R-0111,2026-06-08,Technical,11.1,5
T-000316,R-0111,2026-07-01,Menu,24.4,4
T-000317,R-0111,2026-08-21,Payments,14.7,5
T-000318,R-0111,2026-08-25,Onboarding,7.7,5
T-000319,R-0112,2026-03-05,Technical,23.7,4
T-000320,R-0112,2026-03-20,Billing,26.5,3
T-000321,R-0112,2026-08-18,Billing,8.4,3
T-000322,R-0114,2025-12-21,Technical,14.8,1
T-000323,R-0114,2026-01-26,Onboarding,10.6,4
T-000324,R-0114,2026-01-23,Technical,15.7,5
T-000325,R-0115,2025-11-06,Payments,10.9,3
T-000326,R-0115,2026-06-17,Onboarding,11.3,5
T-000327,R-0115,2026-06-03,Payments,6.3,4
T-000328,R-0117,2026-02-10,Billing,6.8,2
T-000329,R-0117,2026-08-08,Billing,24.4,2
T-000330,R-0120,2025-10-06,Billing,7.9,5
T-000331,R-0120,2026-03-02,Menu,1.0,5
T-000332,R-0121,2025-11-22,Billing,15.7,4
T-000333,R-0121,2025-11-13,Billing,6.0,4
T-000334,R-0121,2025-12-02,Technical,6.1,4
T-000335,R-0121,2025-12-23,Technical,8.7,4
T-000336,R-0121,2026-01-24,Billing,3.2,4
T-000337,R-0121,2026-02-11,Billing,14.9,3
T-000338,R-0121,2026-03-07,Technical,10.6,5
T-000339,R-0121,2026-03-31,Technical,15.8,4
T-000340,R-0122,2026-06-29,Menu,20.3,2
T-000341,R-0122,2026-08-25,Menu,16.9,5
T-000342,R-0123,2025-06-22,Payments,21.7,3
T-000343,R-0123,2025-09-20,Billing,24.1,5
T-000344,R-0123,2025-10-19,Onboarding,9.1,4
T-000345,R-0123,2025-10-04,Payments,1.5,3
T-000346,R-0123,2026-04-01,Technical,9.7,3
T-000347,R-0124,2026-02-07,Onboarding,9.6,4
T-000348,R-0126,2025-01-23,Billing,18.0,4
T-000349,R-0126,2025-06-25,Billing,15.7,1
T-000350,R-0126,2025-07-23,Technical,19.0,3
T-000351,R-0126,2025-07-07,Onboarding,5.4,4
T-000352,R-0126,2025-09-27,Technical,2.4,5
T-000353,R-0127,2026-02-03,Payments,18.3,4
T-000354,R-0127,2026-02-23,Technical,3.4,4
T-000355,R-0129,2026-05-12,Menu,16.0,4
T-000356,R-0131,2026-03-04,Payments,12.6,2
T-000357,R-0132,2025-11-26,Technical,13.4,5
T-000358,R-0132,2026-03-10,Menu,21.6,5
T-000359,R-0132,2026-07-22,Billing,9.6,4
T-000360,R-0134,2026-05-24,Billing,22.1,5
T-000361,R-0134,2026-05-09,Technical,3.1,4
T-000362,R-0134,2026-07-21,Onboarding,9.9,4
T-000363,R-0135,2026-02-04,Technical,2.8,3
T-000364,R-0135,2026-06-02,Technical,6.1,3
T-000365,R-0136,2025-10-25,Billing,8.0,3
T-000366,R-0136,2025-11-23,Billing,3.4,3
T-000367,R-0137,2026-08-20,Billing,18.4,3
T-000368,R-0138,2026-07-23,Technical,5.9,2
T-000369,R-0138,2026-07-18,Technical,27.8,4
T-000370,R-0140,2025-11-12,Billing,18.0,3
T-000371,R-0140,2026-05-01,Technical,6.9,4
T-000372,R-0140,2026-06-30,Menu,12.7,5
T-000373,R-0141,2025-05-27,Technical,2.6,4
T-000374,R-0141,2025-07-12,Billing,10.6,3
T-000375,R-0141,2025-08-17,Technical,14.4,3
T-000376,R-0141,2025-10-06,Billing,6.8,4
T-000377,R-0141,2025-11-14,Technical,26.0,4
T-000378,R-0141,2026-01-02,Technical,14.9,3
T-000379,R-0141,2026-03-16,Payments,6.7,4
T-000380,R-0141,2026-05-31,Menu,6.1,4
T-000381,R-0141,2026-07-25,Billing,16.7,3
T-000382,R-0142,2025-06-13,Menu,11.4,2
T-000383,R-0142,2025-11-25,Technical,4.6,4
T-000384,R-0142,2025-12-13,Billing,1.9,2
T-000385,R-0142,2026-04-05,Payments,3.5,1
T-000386,R-0142,2026-08-30,Onboarding,14.1,3
T-000387,R-0143,2025-02-18,Technical,9.1,4
T-000388,R-0143,2025-03-11,Billing,7.3,4
T-000389,R-0143,2025-04-17,Menu,6.3,5
T-000390,R-0143,2025-06-11,Onboarding,18.4,1
T-000391,R-0143,2025-09-05,Technical,17.2,5
T-000392,R-0144,2025-06-28,Menu,7.7,5
T-000393,R-0144,2025-07-02,Payments,19.9,1
T-000394,R-0144,2025-08-28,Menu,9.3,3
T-000395,R-0145,2025-12-31,Technical,7.7,4
T-000396,R-0145,2025-12-31,Menu,2.0,5
T-000397,R-0145,2026-04-16,Billing,6.3,4
T-000398,R-0146,2025-04-21,Technical,17.3,4
T-000399,R-0146,2025-04-18,Technical,53.6,3
T-000400,R-0146,2025-08-01,Technical,15.3,5
T-000401,R-0147,2026-07-14,Menu,18.7,4
T-000402,R-0147,2026-08-08,Onboarding,6.4,5
T-000403,R-0148,2026-04-27,Onboarding,1.8,5
T-000404,R-0148,2026-05-31,Technical,5.5,5
T-000405,R-0148,2026-05-26,Payments,6.6,2
T-000406,R-0148,2026-05-03,Technical,10.8,2
T-000407,R-0148,2026-06-03,Technical,4.0,5
T-000408,R-0148,2026-06-28,Menu,9.0,2
T-000409,R-0148,2026-07-23,Menu,2.9,5
T-000410,R-0148,2026-07-08,Payments,20.2,1
T-000411,R-0148,2026-07-29,Billing,10.3,3
T-000412,R-0148,2026-08-10,Technical,12.7,3
T-000413,R-0149,2026-08-28,Menu,2.8,4
T-000414,R-0149,2026-08-30,Onboarding,10.0,5
T-000415,R-0150,2026-08-23,Payments,1.5,5
T-000416,R-0151,2026-04-26,Billing,3.7,4
T-000417,R-0151,2026-05-20,Menu,10.8,4
T-000418,R-0151,2026-06-17,Technical,9.1,4
T-000419,R-0151,2026-06-24,Technical,32.1,5
T-000420,R-0151,2026-07-01,Billing,15.8,3
T-000421,R-0151,2026-07-04,Billing,6.1,4
T-000422,R-0152,2026-01-24,Technical,23.4,2
T-000423,R-0152,2026-04-17,Technical,14.5,5
T-000424,R-0152,2026-06-02,Payments,9.5,5
T-000425,R-0152,2026-07-19,Menu,13.6,5
T-000426,R-0152,2026-07-20,Menu,2.5,3
T-000427,R-0153,2026-02-02,Technical,25.9,2
T-000428,R-0153,2026-05-07,Technical,2.0,5
T-000429,R-0153,2026-05-16,Menu,4.2,3
T-000430,R-0153,2026-05-13,Onboarding,6.6,3
T-000431,R-0153,2026-06-06,Technical,14.8,5
T-000432,R-0155,2025-10-29,Technical,4.3,4
T-000433,R-0155,2025-12-12,Technical,9.8,4
T-000434,R-0155,2025-12-06,Technical,4.6,2
T-000435,R-0155,2026-01-07,Payments,7.5,5
T-000436,R-0155,2026-01-07,Billing,25.1,3
T-000437,R-0155,2026-01-06,Menu,3.7,5
T-000438,R-0155,2026-03-17,Payments,13.5,4
T-000439,R-0155,2026-06-13,Technical,5.7,4
T-000440,R-0155,2026-07-16,Technical,16.0,3
T-000441,R-0156,2026-08-27,Billing,6.0,4
T-000442,R-0158,2025-12-20,Payments,19.1,4
T-000443,R-0158,2025-12-30,Billing,7.4,3
T-000444,R-0158,2026-03-31,Payments,20.6,5
T-000445,R-0158,2026-06-19,Technical,11.6,4
T-000446,R-0159,2026-05-05,Onboarding,17.6,4
T-000447,R-0159,2026-06-27,Technical,5.9,2
T-000448,R-0159,2026-08-06,Menu,14.3,4
T-000449,R-0159,2026-08-04,Payments,16.7,2
T-000450,R-0160,2026-01-08,Onboarding,14.3,4
T-000451,R-0160,2026-02-25,Menu,7.6,4
T-000452,R-0160,2026-07-12,Onboarding,1.6,2
T-000453,R-0161,2026-08-07,Technical,13.2,3
T-000454,R-0162,2025-12-20,Onboarding,10.7,3
T-000455,R-0163,2026-08-27,Onboarding,5.7,4
T-000456,R-0164,2025-06-28,Payments,9.1,4
T-000457,R-0164,2025-07-01,Menu,17.7,3
T-000458,R-0164,2025-08-02,Payments,12.3,5
T-000459,R-0164,2025-09-04,Menu,9.5,5
T-000460,R-0164,2026-01-18,Onboarding,4.6,4
T-000461,R-0164,2026-04-08,Technical,13.1,2
T-000462,R-0164,2026-06-12,Technical,7.7,5
T-000463,R-0164,2026-07-14,Technical,2.1,4
T-000464,R-0164,2026-08-10,Payments,15.6,2
T-000465,R-0164,2026-08-12,Menu,7.2,2
T-000466,R-0165,2026-05-29,Technical,5.9,4
T-000467,R-0165,2026-05-27,Technical,6.7,3
T-000468,R-0165,2026-07-24,Billing,21.2,5
T-000469,R-0166,2025-12-29,Menu,2.0,3
T-000470,R-0166,2025-12-30,Technical,7.3,4
T-000471,R-0166,2025-12-27,Onboarding,5.2,5
T-000472,R-0166,2025-12-28,Billing,5.9,5
T-000473,R-0166,2026-04-11,Onboarding,9.9,5
T-000474,R-0166,2026-04-16,Technical,12.2,5
T-000475,R-0166,2026-04-04,Onboarding,10.0,4
T-000476,R-0166,2026-05-03,Payments,8.8,5
T-000477,R-0167,2026-05-27,Onboarding,11.0,5
T-000478,R-0167,2026-07-05,Onboarding,19.9,4
T-000479,R-0167,2026-08-27,Technical,7.5,4
T-000480,R-0168,2026-01-27,Menu,17.1,3
T-000481,R-0168,2026-06-23,Technical,26.5,3
T-000482,R-0168,2026-07-13,Menu,10.3,5
T-000483,R-0169,2026-08-16,Technical,2.1,5
T-000484,R-0171,2025-02-28,Menu,12.1,4
T-000485,R-0171,2025-02-26,Technical,11.6,4
T-000486,R-0171,2025-06-03,Payments,14.3,4
T-000487,R-0171,2025-06-30,Payments,19.2,4
T-000488,R-0171,2025-08-20,Technical,14.0,5
T-000489,R-0171,2025-09-28,Onboarding,7.4,3
T-000490,R-0171,2025-12-24,Technical,7.0,5
T-000491,R-0171,2025-12-19,Menu,30.7,4
T-000492,R-0173,2025-08-19,Onboarding,17.0,3
T-000493,R-0174,2025-10-20,Menu,15.9,3
T-000494,R-0175,2025-07-04,Technical,10.7,5
T-000495,R-0175,2026-02-24,Technical,10.0,1
T-000496,R-0175,2026-05-18,Technical,10.6,5
T-000497,R-0175,2026-06-02,Menu,7.6,5
T-000498,R-0175,2026-06-13,Technical,3.1,5
T-000499,R-0176,2026-06-12,Billing,4.4,4
T-000500,R-0178,2026-02-12,Payments,18.4,1
T-000501,R-0178,2026-05-20,Onboarding,6.1,4
T-000502,R-0178,2026-06-29,Technical,10.6,5
T-000503,R-0179,2025-10-08,Menu,27.1,4
T-000504,R-0179,2025-11-27,Technical,7.4,4
T-000505,R-0179,2025-12-09,Onboarding,12.8,3
T-000506,R-0179,2025-12-06,Billing,13.4,4
T-000507,R-0180,2026-04-14,Technical,6.2,3
T-000508,R-0181,2026-02-21,Technical,15.6,2
T-000509,R-0181,2026-03-23,Billing,9.4,3
T-000510,R-0181,2026-03-02,Menu,2.3,5
T-000511,R-0181,2026-04-24,Technical,10.5,4
T-000512,R-0181,2026-04-13,Onboarding,16.2,5
T-000513,R-0181,2026-06-03,Billing,2.4,5
T-000514,R-0181,2026-07-27,Technical,3.7,4
T-000515,R-0182,2026-02-10,Menu,6.0,5
T-000516,R-0182,2026-04-29,Technical,5.3,4
T-000517,R-0182,2026-04-14,Technical,7.1,5
T-000518,R-0182,2026-06-13,Technical,3.9,4
T-000519,R-0182,2026-07-11,Technical,3.5,4
T-000520,R-0182,2026-07-16,Technical,5.1,4
T-000521,R-0182,2026-08-27,Payments,2.8,5
T-000522,R-0183,2025-07-15,Onboarding,23.4,3
T-000523,R-0183,2025-07-16,Billing,8.9,5
T-000524,R-0184,2025-01-29,Billing,1.3,3
T-000525,R-0184,2025-01-31,Payments,10.8,4
T-000526,R-0184,2025-02-05,Onboarding,8.5,5
T-000527,R-0184,2025-04-14,Menu,1.4,5
T-000528,R-0184,2025-06-13,Technical,4.2,4
T-000529,R-0184,2025-06-10,Onboarding,8.7,4
T-000530,R-0184,2025-08-29,Technical,10.8,3
T-000531,R-0184,2025-08-06,Technical,5.4,5
T-000532,R-0184,2025-12-22,Technical,0.8,4
T-000533,R-0184,2026-03-28,Billing,19.7,4
T-000534,R-0184,2026-06-05,Payments,15.8,3
T-000535,R-0184,2026-06-22,Technical,8.7,1
T-000536,R-0184,2026-07-01,Technical,15.9,4
T-000537,R-0185,2026-06-24,Onboarding,3.6,4
T-000538,R-0185,2026-07-23,Menu,4.0,4
T-000539,R-0185,2026-07-29,Payments,8.3,5
T-000540,R-0185,2026-07-13,Onboarding,1.4,3
T-000541,R-0185,2026-07-19,Onboarding,16.5,4
T-000542,R-0185,2026-08-12,Payments,2.0,4
T-000543,R-0185,2026-08-17,Payments,16.8,4
T-000544,R-0186,2026-07-01,Technical,22.9,2
T-000545,R-0186,2026-07-21,Billing,8.0,4
T-000546,R-0187,2025-04-26,Technical,15.5,4
T-000547,R-0187,2025-10-22,Technical,17.1,4
T-000548,R-0187,2025-11-06,Technical,25.5,4
T-000549,R-0187,2026-01-26,Billing,16.3,3
T-000550,R-0187,2026-01-25,Billing,3.7,4
T-000551,R-0187,2026-02-01,Onboarding,8.3,3
T-000552,R-0187,2026-03-26,Technical,11.2,3
T-000553,R-0188,2026-02-23,Onboarding,4.9,4
T-000554,R-0188,2026-02-26,Billing,17.5,3
T-000555,R-0188,2026-03-29,Technical,30.0,3
T-000556,R-0189,2026-07-10,Onboarding,5.1,4
T-000557,R-0189,2026-08-15,Technical,24.9,5
T-000558,R-0190,2025-05-30,Payments,5.6,4
T-000559,R-0190,2025-06-09,Technical,21.2,5
T-000560,R-0190,2025-06-18,Menu,7.7,5
T-000561,R-0190,2025-06-09,Billing,9.5,5
T-000562,R-0190,2025-07-23,Onboarding,4.9,5
T-000563,R-0190,2025-07-15,Payments,1.7,1
T-000564,R-0190,2025-07-03,Technical,16.7,5
T-000565,R-0190,2025-08-28,Onboarding,4.5,5
T-000566,R-0190,2025-08-01,Technical,7.8,3
T-000567,R-0190,2025-08-09,Payments,5.0,4
T-000568,R-0190,2025-08-04,Technical,12.3,5
T-000569,R-0190,2025-09-01,Billing,27.8,3
T-000570,R-0190,2025-11-08,Billing,13.8,4
T-000571,R-0190,2025-12-13,Menu,29.0,4
T-000572,R-0190,2025-12-09,Payments,20.8,4
T-000573,R-0190,2026-03-22,Billing,5.5,4
T-000574,R-0190,2026-04-26,Menu,3.2,2
T-000575,R-0190,2026-05-26,Menu,3.6,3
T-000576,R-0190,2026-05-29,Onboarding,15.2,3
T-000577,R-0190,2026-06-11,Onboarding,38.9,5
T-000578,R-0190,2026-07-25,Menu,28.8,4
T-000579,R-0190,2026-08-23,Technical,23.5,3
T-000580,R-0190,2026-08-14,Onboarding,4.6,1
T-000581,R-0190,2026-08-18,Technical,3.2,4
T-000582,R-0191,2026-04-18,Technical,10.5,5
T-000583,R-0191,2026-04-19,Onboarding,23.0,4
T-000584,R-0191,2026-05-22,Onboarding,20.9,5
T-000585,R-0191,2026-07-19,Technical,11.7,5
T-000586,R-0194,2025-08-31,Technical,12.0,4
T-000587,R-0195,2025-09-23,Menu,20.6,4
T-000588,R-0195,2025-10-05,Technical,2.4,5
T-000589,R-0195,2025-11-02,Technical,23.9,4
T-000590,R-0195,2025-12-16,Technical,9.5,5
T-000591,R-0195,2025-12-29,Onboarding,3.3,4
T-000592,R-0195,2025-12-11,Billing,12.7,1
T-000593,R-0195,2026-01-18,Technical,5.4,2
T-000594,R-0195,2026-01-05,Menu,25.5,4
T-000595,R-0196,2025-04-02,Onboarding,7.8,5
T-000596,R-0196,2025-04-19,Payments,9.0,4
T-000597,R-0196,2025-04-22,Billing,5.6,4
T-000598,R-0196,2025-04-29,Onboarding,2.8,2
T-000599,R-0197,2026-04-12,Payments,13.1,5
T-000600,R-0197,2026-06-03,Technical,25.0,3
T-000601,R-0198,2025-05-03,Onboarding,10.1,5
T-000602,R-0199,2026-07-25,Billing,4.3,3
T-000603,R-0199,2026-08-30,Menu,16.3,3
T-000604,R-0200,2025-09-24,Billing,14.4,3
T-000605,R-0200,2025-11-11,Technical,4.9,5
T-000606,R-0200,2026-04-05,Onboarding,20.7,4
T-000607,R-0202,2025-08-28,Billing,2.9,3
T-000608,R-0202,2025-12-27,Technical,6.9,5
T-000609,R-0202,2026-02-20,Technical,10.4,3
T-000610,R-0202,2026-02-06,Payments,3.2,5
T-000611,R-0204,2025-07-18,Billing,10.0,4
T-000612,R-0206,2026-04-24,Technical,9.3,4
T-000613,R-0206,2026-06-09,Onboarding,8.0,3
T-000614,R-0207,2025-04-18,Billing,5.2,4
T-000615,R-0207,2025-04-02,Onboarding,4.4,2
T-000616,R-0207,2025-08-23,Onboarding,7.1,4
T-000617,R-0207,2025-12-10,Technical,18.9,5
T-000618,R-0207,2026-01-29,Billing,4.9,4
T-000619,R-0207,2026-01-30,Menu,5.6,1
T-000620,R-0207,2026-02-19,Technical,6.1,4
T-000621,R-0207,2026-05-18,Technical,16.4,3
T-000622,R-0207,2026-07-23,Billing,25.1,4
T-000623,R-0209,2025-11-06,Technical,8.2,4
T-000624,R-0209,2025-12-25,Technical,18.6,4
T-000625,R-0209,2026-01-05,Technical,7.4,4
T-000626,R-0210,2025-10-23,Technical,14.8,5
T-000627,R-0211,2025-04-07,Menu,7.6,5
T-000628,R-0211,2025-07-17,Technical,17.0,4
T-000629,R-0211,2025-07-31,Onboarding,2.6,3
T-000630,R-0211,2025-11-06,Menu,37.0,4
T-000631,R-0211,2026-07-08,Billing,5.6,4
T-000632,R-0212,2026-01-29,Billing,6.0,2
T-000633,R-0212,2026-02-04,Technical,24.4,3
T-000634,R-0212,2026-02-24,Technical,20.6,4
T-000635,R-0212,2026-03-21,Menu,19.0,1
T-000636,R-0212,2026-05-20,Payments,1.9,2
T-000637,R-0212,2026-05-01,Technical,5.3,4
T-000638,R-0212,2026-05-16,Technical,8.9,5
T-000639,R-0212,2026-06-18,Menu,14.3,3
T-000640,R-0212,2026-08-22,Onboarding,4.5,4
T-000641,R-0214,2025-09-15,Technical,17.6,4
T-000642,R-0214,2026-02-05,Technical,14.7,2
T-000643,R-0214,2026-04-01,Billing,8.5,4
T-000644,R-0214,2026-05-25,Billing,13.2,5
T-000645,R-0214,2026-08-19,Technical,2.9,5
T-000646,R-0215,2026-05-31,Billing,5.9,1
T-000647,R-0216,2026-07-14,Menu,13.1,2
T-000648,R-0217,2026-05-08,Onboarding,15.2,3
T-000649,R-0217,2026-05-12,Menu,6.4,5
T-000650,R-0217,2026-08-24,Menu,16.1,4
T-000651,R-0218,2026-02-07,Payments,7.2,5
T-000652,R-0219,2025-12-13,Technical,18.8,5
T-000653,R-0219,2026-02-28,Technical,14.2,5
T-000654,R-0219,2026-04-16,Onboarding,5.2,3
T-000655,R-0220,2026-01-28,Technical,3.1,4
T-000656,R-0220,2026-02-05,Technical,32.2,4
T-000657,R-0220,2026-02-02,Payments,8.4,4
T-000658,R-0220,2026-02-17,Onboarding,4.5,5
T-000659,R-0220,2026-03-01,Technical,5.3,4
T-000660,R-0220,2026-05-17,Menu,25.9,5
T-000661,R-0220,2026-07-20,Technical,10.2,4
T-000662,R-0223,2025-08-27,Onboarding,10.2,4
T-000663,R-0223,2025-11-04,Payments,5.8,4
T-000664,R-0223,2026-01-06,Menu,14.7,4
T-000665,R-0223,2026-02-11,Menu,11.5,5
T-000666,R-0223,2026-03-13,Onboarding,9.4,5
T-000667,R-0223,2026-03-19,Technical,2.1,1
T-000668,R-0223,2026-05-22,Technical,9.0,4
T-000669,R-0223,2026-05-31,Onboarding,10.0,4
T-000670,R-0224,2025-08-06,Payments,5.3,5
T-000671,R-0224,2025-08-05,Menu,12.0,5
T-000672,R-0224,2025-09-16,Billing,8.7,3
T-000673,R-0224,2025-11-07,Payments,5.0,5
T-000674,R-0224,2025-12-07,Onboarding,3.5,5
T-000675,R-0224,2026-01-30,Payments,1.9,5
T-000676,R-0224,2026-01-19,Billing,8.1,3
T-000677,R-0224,2026-01-16,Menu,6.4,1
T-000678,R-0224,2026-02-06,Technical,2.5,5
T-000679,R-0224,2026-03-05,Menu,11.5,2
T-000680,R-0224,2026-03-29,Technical,2.9,2
T-000681,R-0224,2026-04-05,Onboarding,12.3,3
T-000682,R-0224,2026-04-24,Menu,13.0,4
T-000683,R-0224,2026-06-25,Menu,9.7,1
T-000684,R-0224,2026-07-06,Onboarding,12.8,3
T-000685,R-0224,2026-07-17,Onboarding,9.2,4
T-000686,R-0224,2026-08-03,Payments,14.3,4
T-000687,R-0225,2026-07-15,Onboarding,9.2,4
T-000688,R-0225,2026-07-06,Menu,8.6,4
T-000689,R-0225,2026-07-04,Technical,6.4,4
T-000690,R-0226,2026-01-06,Payments,22.7,3
T-000691,R-0226,2026-07-18,Technical,21.0,4
T-000692,R-0227,2025-03-10,Billing,6.8,4
T-000693,R-0227,2025-05-11,Technical,18.8,5
T-000694,R-0227,2025-07-10,Payments,12.1,4
T-000695,R-0228,2026-01-14,Onboarding,15.8,5
T-000696,R-0230,2025-02-25,Onboarding,12.6,4
T-000697,R-0232,2025-11-28,Technical,4.9,3
T-000698,R-0232,2026-06-01,Billing,6.0,4
T-000699,R-0232,2026-08-04,Onboarding,11.6,2
T-000700,R-0233,2025-11-29,Technical,1.7,4
T-000701,R-0233,2026-03-06,Billing,3.4,4
T-000702,R-0233,2026-05-20,Onboarding,10.9,4
T-000703,R-0233,2026-05-23,Payments,3.7,2
T-000704,R-0233,2026-08-19,Onboarding,10.6,4
T-000705,R-0234,2026-04-19,Menu,12.1,3
T-000706,R-0234,2026-04-01,Menu,10.5,5
T-000707,R-0234,2026-05-20,Menu,23.0,5
T-000708,R-0234,2026-06-06,Payments,26.7,3
T-000709,R-0234,2026-06-22,Menu,5.6,2
T-000710,R-0234,2026-08-05,Technical,4.3,5
T-000711,R-0234,2026-08-25,Technical,3.7,4
T-000712,R-0234,2026-08-04,Onboarding,3.2,4
T-000713,R-0235,2026-01-07,Billing,4.4,4
T-000714,R-0235,2026-01-20,Onboarding,5.3,3
T-000715,R-0235,2026-01-24,Payments,32.0,5
T-000716,R-0235,2026-05-23,Menu,15.8,5
T-000717,R-0235,2026-08-31,Onboarding,11.2,4
T-000718,R-0236,2025-02-22,Technical,11.9,5
T-000719,R-0236,2025-07-27,Technical,5.3,5
T-000720,R-0236,2025-09-06,Technical,11.1,5
T-000721,R-0237,2026-08-10,Billing,8.1,3
T-000722,R-0238,2026-02-14,Technical,8.9,5
T-000723,R-0238,2026-07-09,Menu,7.0,4
T-000724,R-0239,2025-07-31,Technical,1.0,1
T-000725,R-0239,2025-07-30,Technical,22.5,5
T-000726,R-0239,2025-09-08,Onboarding,4.1,5
T-000727,R-0239,2025-12-20,Technical,13.1,4
T-000728,R-0239,2026-02-27,Technical,5.9,5
T-000729,R-0239,2026-05-24,Billing,7.1,5
T-000730,R-0239,2026-07-18,Technical,3.9,5
T-000731,R-0239,2026-07-12,Onboarding,10.9,4
T-000732,R-0239,2026-07-01,Technical,20.6,5
T-000733,R-0239,2026-07-11,Billing,4.9,2
T-000734,R-0239,2026-08-08,Billing,8.6,2
T-000735,R-0242,2026-03-07,Technical,12.3,1
T-000736,R-0242,2026-08-23,Menu,4.1,4
T-000737,R-0243,2026-06-27,Menu,3.1,4
T-000738,R-0243,2026-06-28,Menu,4.2,4
T-000739,R-0243,2026-08-12,Technical,6.0,5
T-000740,R-0244,2025-05-21,Menu,2.3,4
T-000741,R-0245,2025-05-17,Payments,19.1,4
T-000742,R-0246,2026-01-02,Onboarding,17.2,3
T-000743,R-0246,2026-02-04,Technical,4.3,3
T-000744,R-0247,2025-11-14,Technical,10.6,4
T-000745,R-0247,2026-07-10,Payments,4.1,3
T-000746,R-0248,2026-07-30,Menu,5.3,3
T-000747,R-0248,2026-08-20,Onboarding,18.2,4
T-000748,R-0249,2026-02-06,Billing,22.0,3
T-000749,R-0249,2026-03-19,Billing,12.3,3
T-000750,R-0249,2026-07-21,Menu,9.6,4
T-000751,R-0252,2026-08-18,Payments,4.9,5
T-000752,R-0252,2026-08-15,Technical,9.8,4
T-000753,R-0252,2026-08-25,Technical,19.6,5
T-000754,R-0252,2026-08-23,Menu,21.9,4
T-000755,R-0254,2026-06-07,Payments,15.5,5
T-000756,R-0260,2025-04-12,Technical,13.3,5
T-000757,R-0260,2025-06-14,Technical,10.8,4
T-000758,R-0260,2025-09-03,Billing,40.5,2
T-000759,R-0260,2026-03-29,Technical,1.3,4
T-000760,R-0260,2026-03-25,Technical,19.2,4
T-000761,R-0260,2026-05-01,Technical,6.2,3
T-000762,R-0260,2026-05-01,Onboarding,6.1,4
T-000763,R-0260,2026-06-04,Billing,9.4,4
T-000764,R-0261,2025-07-11,Payments,6.0,5
T-000765,R-0261,2025-11-08,Technical,8.4,4
T-000766,R-0261,2026-02-21,Technical,3.3,4
T-000767,R-0261,2026-02-03,Technical,10.1,5
T-000768,R-0261,2026-05-04,Onboarding,4.1,2
T-000769,R-0261,2026-05-26,Billing,9.0,3
T-000770,R-0261,2026-06-11,Technical,17.2,5
T-000771,R-0261,2026-07-23,Menu,8.0,5
T-000772,R-0262,2025-11-09,Billing,1.8,3
T-000773,R-0264,2026-06-16,Billing,4.2,1
T-000774,R-0264,2026-08-26,Payments,7.3,2
T-000775,R-0266,2026-07-29,Menu,14.0,5
T-000776,R-0266,2026-07-22,Onboarding,17.2,4
T-000777,R-0266,2026-07-26,Technical,15.0,5
T-000778,R-0266,2026-08-26,Technical,13.5,4
T-000779,R-0268,2026-06-01,Onboarding,7.7,2
T-000780,R-0268,2026-07-13,Billing,15.2,5
T-000781,R-0270,2026-03-17,Onboarding,4.8,4
T-000782,R-0270,2026-03-25,Menu,12.0,4
T-000783,R-0270,2026-03-24,Technical,20.5,5
T-000784,R-0270,2026-03-26,Technical,32.2,5
T-000785,R-0270,2026-08-10,Technical,13.1,3
T-000786,R-0271,2025-07-02,Technical,13.6,4
T-000787,R-0271,2026-05-17,Menu,8.3,4
T-000788,R-0271,2026-06-22,Payments,1.7,4
T-000789,R-0271,2026-06-29,Menu,16.1,3
T-000790,R-0273,2026-05-14,Technical,23.6,5
T-000791,R-0273,2026-06-12,Onboarding,10.5,5
T-000792,R-0274,2026-01-31,Payments,3.4,5
T-000793,R-0274,2026-01-28,Billing,21.1,4
T-000794,R-0274,2026-01-28,Billing,30.1,5
T-000795,R-0274,2026-01-28,Billing,1.8,5
T-000796,R-0274,2026-01-28,Technical,3.7,1
T-000797,R-0274,2026-01-29,Technical,15.8,2
T-000798,R-0274,2026-01-25,Billing,19.0,5
T-000799,R-0274,2026-04-01,Technical,2.7,5
T-000800,R-0274,2026-05-14,Onboarding,11.1,3
T-000801,R-0274,2026-05-02,Technical,16.2,3
T-000802,R-0274,2026-06-17,Technical,10.8,5
T-000803,R-0274,2026-07-08,Onboarding,28.8,3
T-000804,R-0274,2026-08-10,Onboarding,5.6,4
T-000805,R-0275,2026-06-11,Technical,2.9,4
T-000806,R-0276,2026-01-05,Technical,1.3,4
T-000807,R-0277,2025-05-27,Technical,13.9,5
T-000808,R-0277,2025-09-11,Technical,5.9,4
T-000809,R-0277,2026-02-12,Onboarding,15.0,5
T-000810,R-0277,2026-02-25,Billing,3.9,4
T-000811,R-0277,2026-07-18,Onboarding,17.9,4
T-000812,R-0278,2025-12-22,Technical,8.1,4
T-000813,R-0278,2025-12-24,Payments,6.7,4
T-000814,R-0279,2026-06-10,Billing,6.4,4
T-000815,R-0281,2026-06-26,Technical,10.7,4
T-000816,R-0282,2025-09-24,Payments,3.6,5
T-000817,R-0282,2025-11-06,Billing,5.4,2
T-000818,R-0282,2026-02-23,Menu,16.9,1
T-000819,R-0282,2026-02-21,Technical,10.8,2
T-000820,R-0283,2026-08-27,Technical,3.7,4
T-000821,R-0284,2026-07-02,Menu,10.6,5
T-000822,R-0285,2026-05-13,Menu,3.9,4
T-000823,R-0285,2026-07-10,Technical,11.5,1
T-000824,R-0285,2026-07-01,Billing,12.9,2
T-000825,R-0286,2025-06-30,Billing,10.7,5
T-000826,R-0286,2025-07-01,Menu,7.4,5
T-000827,R-0286,2025-10-26,Onboarding,32.9,1
T-000828,R-0286,2026-03-07,Onboarding,13.3,3
T-000829,R-0286,2026-08-10,Menu,28.0,5
T-000830,R-0287,2025-04-13,Technical,3.4,4
T-000831,R-0289,2026-03-21,Technical,15.0,5
T-000832,R-0289,2026-05-06,Billing,21.5,5
T-000833,R-0290,2025-08-27,Menu,5.6,5
T-000834,R-0291,2025-10-29,Billing,15.2,4
T-000835,R-0291,2025-10-24,Payments,19.2,5
T-000836,R-0291,2025-10-29,Technical,13.2,4
T-000837,R-0291,2025-11-15,Onboarding,6.3,4
T-000838,R-0292,2026-05-24,Technical,17.8,2
T-000839,R-0292,2026-05-07,Menu,6.3,3
T-000840,R-0292,2026-06-17,Billing,19.7,1
T-000841,R-0292,2026-07-27,Menu,25.4,4
T-000842,R-0292,2026-08-19,Technical,43.7,5
T-000843,R-0292,2026-08-19,Billing,14.3,4
T-000844,R-0293,2026-06-27,Payments,11.5,5
T-000845,R-0293,2026-07-19,Menu,6.2,5
T-000846,R-0294,2025-03-17,Billing,4.2,2
T-000847,R-0295,2026-01-09,Menu,11.7,1
T-000848,R-0295,2026-02-12,Technical,17.6,3
T-000849,R-0295,2026-08-09,Payments,1.6,3
T-000850,R-0296,2025-11-03,Technical,11.9,4
T-000851,R-0296,2025-12-11,Onboarding,6.5,4
T-000852,R-0296,2026-02-28,Onboarding,16.2,4
T-000853,R-0296,2026-02-13,Payments,2.0,5
T-000854,R-0296,2026-03-29,Menu,14.2,2
T-000855,R-0296,2026-03-02,Billing,3.0,4
T-000856,R-0296,2026-06-11,Menu,3.0,4
T-000857,R-0296,2026-07-22,Technical,7.5,3
T-000858,R-0297,2025-08-25,Menu,10.1,3
T-000859,R-0297,2026-01-01,Technical,7.9,4
T-000860,R-0297,2026-03-28,Onboarding,17.0,3
T-000861,R-0297,2026-03-07,Technical,22.9,5
T-000862,R-0297,2026-04-19,Billing,9.5,4
T-000863,R-0297,2026-04-25,Menu,0.7,4
T-000864,R-0297,2026-07-31,Technical,20.9,3
T-000865,R-0297,2026-08-05,Technical,4.8,4
T-000866,R-0298,2025-11-25,Onboarding,2.7,5
T-000867,R-0298,2025-11-30,Payments,24.1,3
T-000868,R-0298,2025-11-30,Menu,6.1,5
T-000869,R-0298,2026-08-22,Technical,15.8,4
T-000870,R-0298,2026-08-15,Menu,3.3,5
T-000871,R-0300,2026-08-23,Billing,6.3,3
T-000872,R-0300,2026-08-08,Billing,11.2,5
T-000873,R-0301,2026-01-18,Technical,20.5,3
T-000874,R-0301,2026-03-30,Menu,10.8,5
T-000875,R-0301,2026-06-21,Technical,2.0,5
T-000876,R-0301,2026-08-26,Menu,6.8,4
T-000877,R-0302,2026-04-15,Menu,6.9,2
T-000878,R-0302,2026-05-17,Billing,11.5,4
T-000879,R-0302,2026-05-07,Menu,8.4,3
T-000880,R-0302,2026-06-12,Technical,20.7,2
T-000881,R-0302,2026-06-16,Onboarding,15.1,4
T-000882,R-0302,2026-06-18,Menu,9.4,2
T-000883,R-0302,2026-07-01,Technical,6.6,4
T-000884,R-0302,2026-07-31,Billing,5.3,4
T-000885,R-0303,2026-03-28,Billing,27.2,5
T-000886,R-0303,2026-06-19,Billing,12.2,4
T-000887,R-0304,2026-02-11,Onboarding,3.1,4
T-000888,R-0304,2026-07-25,Technical,6.1,4
T-000889,R-0305,2025-06-20,Menu,20.1,5
T-000890,R-0305,2025-06-15,Technical,8.7,4
T-000891,R-0305,2025-07-29,Payments,14.9,4
T-000892,R-0305,2025-10-05,Payments,4.7,1
T-000893,R-0306,2026-04-27,Billing,9.5,2
T-000894,R-0306,2026-08-17,Billing,8.8,4
T-000895,R-0308,2026-03-06,Technical,7.3,5
T-000896,R-0308,2026-04-08,Technical,7.7,3
T-000897,R-0308,2026-04-27,Technical,5.9,4
T-000898,R-0308,2026-04-07,Technical,36.4,4
T-000899,R-0309,2025-09-20,Onboarding,4.9,3
T-000900,R-0309,2026-05-14,Technical,4.7,3
T-000901,R-0309,2026-05-09,Billing,31.1,4
T-000902,R-0309,2026-06-18,Billing,8.9,4
T-000903,R-0309,2026-08-03,Menu,3.9,4
T-000904,R-0310,2026-03-15,Technical,12.0,5
T-000905,R-0310,2026-04-19,Menu,17.5,5
T-000906,R-0310,2026-04-09,Menu,4.7,4
T-000907,R-0310,2026-04-12,Technical,28.0,5
T-000908,R-0310,2026-05-28,Onboarding,7.2,1
T-000909,R-0310,2026-05-24,Payments,13.6,3
T-000910,R-0310,2026-05-03,Billing,5.3,4
T-000911,R-0310,2026-06-17,Payments,6.7,3
T-000912,R-0310,2026-08-12,Technical,6.1,4
T-000913,R-0311,2026-08-14,Menu,9.0,4
T-000914,R-0312,2026-01-06,Technical,14.3,3
T-000915,R-0312,2026-02-02,Payments,2.8,5
T-000916,R-0312,2026-04-18,Billing,22.4,1
T-000917,R-0312,2026-06-25,Technical,12.5,4
T-000918,R-0312,2026-06-11,Billing,2.7,4
T-000919,R-0312,2026-06-18,Billing,12.9,3
T-000920,R-0312,2026-08-27,Billing,13.7,4
T-000921,R-0313,2026-08-31,Billing,13.2,4
T-000922,R-0314,2026-01-24,Technical,17.6,4
T-000923,R-0315,2026-06-21,Onboarding,8.7,5
T-000924,R-0315,2026-08-04,Menu,5.7,4
T-000925,R-0316,2026-03-19,Payments,3.1,5
T-000926,R-0316,2026-03-25,Technical,2.0,4
T-000927,R-0316,2026-05-01,Onboarding,5.8,5
T-000928,R-0316,2026-05-16,Menu,8.8,3
T-000929,R-0316,2026-06-23,Technical,13.8,5
T-000930,R-0316,2026-06-23,Menu,2.9,5
T-000931,R-0316,2026-07-22,Billing,8.6,2
T-000932,R-0316,2026-08-23,Menu,10.6,5
T-000933,R-0316,2026-08-22,Technical,3.8,5
T-000934,R-0316,2026-08-09,Onboarding,8.6,3
T-000935,R-0316,2026-08-13,Technical,23.4,4
T-000936,R-0316,2026-08-09,Technical,10.5,2
T-000937,R-0316,2026-08-19,Onboarding,13.7,4
T-000938,R-0319,2026-07-29,Onboarding,22.0,4
T-000939,R-0321,2026-06-04,Onboarding,10.0,3
T-000940,R-0322,2026-08-23,Technical,33.4,3
T-000941,R-0324,2025-02-04,Technical,8.4,4
T-000942,R-0324,2025-02-23,Billing,21.0,5
T-000943,R-0324,2025-09-29,Technical,12.4,5
T-000944,R-0324,2025-10-12,Onboarding,10.3,4
T-000945,R-0324,2025-11-11,Payments,8.1,4
T-000946,R-0325,2025-07-25,Technical,4.7,3
T-000947,R-0326,2025-06-30,Technical,14.3,4
T-000948,R-0326,2025-06-27,Billing,7.1,5
T-000949,R-0328,2026-01-21,Technical,28.0,4
T-000950,R-0328,2026-01-12,Menu,2.8,1
T-000951,R-0328,2026-04-22,Technical,3.2,4
T-000952,R-0328,2026-05-17,Technical,15.3,3
T-000953,R-0328,2026-05-13,Technical,3.6,2
T-000954,R-0329,2026-02-08,Menu,3.5,4
T-000955,R-0330,2025-02-11,Technical,3.2,4
T-000956,R-0330,2025-07-13,Technical,11.0,5
T-000957,R-0331,2025-08-26,Payments,22.2,4
T-000958,R-0333,2026-08-30,Onboarding,6.9,3
T-000959,R-0334,2025-09-19,Technical,5.7,4
T-000960,R-0334,2025-10-28,Technical,51.1,4
T-000961,R-0334,2026-02-14,Menu,0.6,4
T-000962,R-0334,2026-02-16,Technical,10.8,5
T-000963,R-0334,2026-03-25,Menu,13.3,4
T-000964,R-0334,2026-03-23,Technical,13.6,3
T-000965,R-0334,2026-07-01,Billing,15.5,4
T-000966,R-0335,2025-05-07,Technical,18.2,5
T-000967,R-0335,2026-03-18,Technical,4.9,4
T-000968,R-0335,2026-04-03,Onboarding,9.9,4
T-000969,R-0335,2026-08-06,Payments,8.7,1
T-000970,R-0336,2026-04-21,Billing,4.6,5
T-000971,R-0337,2025-03-17,Technical,2.7,5
T-000972,R-0337,2025-03-29,Menu,4.8,5
T-000973,R-0337,2025-03-27,Billing,6.9,4
T-000974,R-0337,2025-06-14,Billing,32.9,3
T-000975,R-0338,2026-02-23,Onboarding,6.0,4
T-000976,R-0338,2026-06-15,Onboarding,4.0,3
T-000977,R-0338,2026-07-02,Onboarding,11.1,5
T-000978,R-0338,2026-08-16,Menu,1.1,5
T-000979,R-0339,2025-05-31,Technical,2.9,4
T-000980,R-0339,2025-06-04,Technical,17.6,3
T-000981,R-0339,2025-08-10,Payments,6.6,2
T-000982,R-0339,2025-09-18,Technical,1.1,5
T-000983,R-0339,2025-12-10,Billing,4.2,2
T-000984,R-0339,2026-04-04,Technical,5.9,4
T-000985,R-0339,2026-04-11,Onboarding,10.7,4
T-000986,R-0340,2025-10-31,Billing,6.7,4
T-000987,R-0340,2026-01-12,Onboarding,22.2,3
T-000988,R-0341,2025-07-29,Billing,11.2,4
T-000989,R-0341,2025-07-16,Billing,7.9,4
T-000990,R-0341,2025-07-16,Billing,5.1,5
T-000991,R-0341,2026-01-31,Billing,17.4,3
T-000992,R-0341,2026-05-18,Onboarding,21.2,4
T-000993,R-0341,2026-06-22,Onboarding,19.0,3
T-000994,R-0342,2025-06-26,Technical,18.3,4
T-000995,R-0342,2025-07-07,Payments,23.9,3
T-000996,R-0342,2025-08-14,Technical,11.9,4
T-000997,R-0342,2025-10-27,Technical,6.1,5
T-000998,R-0343,2026-05-27,Billing,17.9,4
T-000999,R-0344,2025-03-28,Technical,12.4,2
T-001000,R-0344,2025-03-09,Menu,4.1,3
T-001001,R-0345,2025-06-30,Onboarding,4.6,5
T-001002,R-0345,2025-07-18,Technical,30.7,5
T-001003,R-0345,2025-11-19,Billing,5.8,4
T-001004,R-0345,2026-05-16,Technical,3.7,3
T-001005,R-0345,2026-06-15,Billing,15.9,3
T-001006,R-0345,2026-08-12,Payments,7.6,1
T-001007,R-0345,2026-08-13,Menu,12.6,4
T-001008,R-0346,2026-04-23,Menu,15.2,4
T-001009,R-0346,2026-04-24,Menu,18.0,4
T-001010,R-0346,2026-04-23,Menu,21.8,3
T-001011,R-0346,2026-05-09,Technical,12.8,3
T-001012,R-0346,2026-08-31,Technical,16.1,1
T-001013,R-0347,2026-01-23,Technical,7.1,4
T-001014,R-0347,2026-04-10,Onboarding,36.2,4
T-001015,R-0348,2025-07-25,Technical,1.4,4
T-001016,R-0348,2025-12-10,Billing,17.4,3
T-001017,R-0348,2026-01-15,Payments,14.5,3
T-001018,R-0348,2026-04-18,Onboarding,7.2,5
T-001019,R-0348,2026-08-08,Billing,7.1,4
T-001020,R-0349,2026-05-23,Menu,11.0,2
T-001021,R-0349,2026-07-13,Onboarding,6.4,5
T-001022,R-0350,2025-03-14,Payments,3.6,5
T-001023,R-0350,2025-06-16,Payments,26.9,4
T-001024,R-0350,2025-08-29,Menu,9.0,5
T-001025,R-0350,2025-08-23,Payments,3.3,5
T-001026,R-0351,2025-04-26,Technical,8.9,5
T-001027,R-0351,2025-04-26,Billing,1.9,3
T-001028,R-0351,2025-06-24,Payments,4.6,2
T-001029,R-0351,2025-11-05,Technical,13.2,3
T-001030,R-0351,2026-08-28,Onboarding,19.1,5
T-001031,R-0352,2026-01-27,Onboarding,23.8,4
T-001032,R-0352,2026-03-29,Billing,14.0,5
T-001033,R-0352,2026-04-03,Billing,2.0,5
T-001034,R-0352,2026-08-05,Billing,6.3,2
T-001035,R-0352,2026-08-30,Billing,9.5,4
T-001036,R-0353,2026-06-27,Onboarding,9.7,4
T-001037,R-0355,2025-09-29,Technical,3.5,3
T-001038,R-0355,2025-10-22,Technical,3.7,4
T-001039,R-0355,2025-10-27,Billing,20.0,4
T-001040,R-0355,2026-07-31,Technical,14.4,4
T-001041,R-0357,2025-02-24,Payments,9.5,4
T-001042,R-0357,2025-02-27,Technical,11.6,4
T-001043,R-0357,2025-03-27,Technical,6.2,5
T-001044,R-0357,2025-03-16,Technical,14.5,4
T-001045,R-0357,2025-05-02,Technical,8.5,3
T-001046,R-0357,2025-06-11,Billing,8.9,4
T-001047,R-0357,2025-07-02,Payments,8.6,4
T-001048,R-0357,2025-07-21,Technical,6.8,5
T-001049,R-0357,2025-07-06,Billing,3.1,5
T-001050,R-0357,2025-09-02,Technical,8.9,5
T-001051,R-0357,2025-10-10,Billing,5.9,5
T-001052,R-0357,2025-11-19,Menu,9.1,4
T-001053,R-0357,2025-11-30,Technical,19.3,4
T-001054,R-0357,2026-02-11,Onboarding,9.0,5
T-001055,R-0357,2026-02-06,Onboarding,4.0,4
T-001056,R-0357,2026-02-10,Onboarding,12.6,5
T-001057,R-0357,2026-04-01,Menu,15.5,4
T-001058,R-0357,2026-04-07,Billing,13.1,4
T-001059,R-0357,2026-05-15,Billing,2.2,3
T-001060,R-0357,2026-05-05,Onboarding,7.5,4
T-001061,R-0357,2026-05-20,Menu,10.7,5
T-001062,R-0358,2025-05-23,Billing,5.7,4
T-001063,R-0359,2025-04-19,Billing,16.6,2
T-001064,R-0359,2025-08-28,Payments,12.2,5
T-001065,R-0359,2025-12-22,Payments,6.3,4
T-001066,R-0359,2026-02-23,Menu,4.6,5
T-001067,R-0359,2026-03-15,Onboarding,16.8,4
T-001068,R-0360,2026-05-31,Billing,4.6,4
T-001069,R-0361,2025-05-30,Billing,1.9,4
T-001070,R-0361,2025-06-18,Menu,6.1,3
T-001071,R-0361,2025-07-17,Billing,16.6,3
T-001072,R-0361,2025-07-19,Billing,19.5,5
T-001073,R-0362,2025-09-17,Payments,7.6,3
T-001074,R-0362,2025-11-14,Onboarding,4.4,5
T-001075,R-0362,2026-05-10,Billing,6.1,4
T-001076,R-0363,2025-02-02,Billing,25.8,4
T-001077,R-0363,2025-03-22,Technical,20.7,2
T-001078,R-0363,2025-12-05,Technical,8.3,4
T-001079,R-0363,2025-12-07,Onboarding,3.3,3
T-001080,R-0364,2025-06-25,Onboarding,16.3,2
T-001081,R-0364,2025-08-03,Onboarding,5.0,4
T-001082,R-0365,2026-06-30,Billing,1.5,2
T-001083,R-0365,2026-06-11,Billing,20.6,5
T-001084,R-0365,2026-06-13,Menu,9.4,4
T-001085,R-0365,2026-06-30,Billing,5.3,5
T-001086,R-0365,2026-08-09,Technical,18.8,3
T-001087,R-0365,2026-08-02,Payments,13.0,3
T-001088,R-0366,2025-07-28,Menu,17.5,4
T-001089,R-0366,2025-12-08,Technical,6.1,3
T-001090,R-0367,2025-07-02,Payments,9.9,1
T-001091,R-0367,2026-01-31,Onboarding,15.0,3
T-001092,R-0367,2026-04-25,Billing,27.3,4
T-001093,R-0367,2026-04-11,Billing,13.4,3
T-001094,R-0367,2026-08-10,Onboarding,13.8,4
T-001095,R-0368,2026-02-25,Billing,27.8,4
T-001096,R-0368,2026-02-14,Onboarding,6.8,4
T-001097,R-0368,2026-02-28,Technical,1.8,4
T-001098,R-0368,2026-04-13,Technical,26.7,4
T-001099,R-0369,2025-03-15,Payments,5.8,5
T-001100,R-0369,2025-03-11,Technical,7.5,5
T-001101,R-0369,2025-05-15,Billing,18.3,4
T-001102,R-0369,2025-10-08,Billing,9.8,4
T-001103,R-0369,2025-11-18,Billing,20.8,5
T-001104,R-0369,2026-02-08,Technical,15.4,5
T-001105,R-0369,2026-08-21,Menu,16.1,3
T-001106,R-0371,2026-03-21,Payments,32.1,3
T-001107,R-0371,2026-03-03,Onboarding,7.1,4
T-001108,R-0371,2026-05-30,Onboarding,8.8,1
T-001109,R-0371,2026-07-22,Technical,14.1,5
T-001110,R-0371,2026-08-25,Payments,11.5,3
T-001111,R-0372,2025-12-16,Billing,14.1,4
T-001112,R-0372,2026-01-08,Onboarding,30.1,4
T-001113,R-0372,2026-04-11,Technical,4.1,5
T-001114,R-0372,2026-05-19,Onboarding,10.9,4
T-001115,R-0372,2026-06-10,Onboarding,6.1,2
T-001116,R-0372,2026-06-03,Menu,6.7,5
T-001117,R-0372,2026-06-16,Technical,10.9,5
T-001118,R-0372,2026-07-23,Technical,9.0,4
T-001119,R-0373,2026-07-31,Billing,6.4,3
T-001120,R-0373,2026-07-29,Onboarding,8.2,2
T-001121,R-0374,2026-03-09,Onboarding,13.8,4
T-001122,R-0374,2026-06-15,Onboarding,8.5,3
T-001123,R-0375,2025-02-18,Billing,2.9,2
T-001124,R-0375,2025-03-19,Onboarding,3.1,2
T-001125,R-0375,2025-03-02,Menu,2.7,5
T-001126,R-0375,2025-07-22,Billing,8.1,1
T-001127,R-0376,2025-04-01,Technical,9.3,2
T-001128,R-0376,2026-03-05,Onboarding,8.6,5
T-001129,R-0376,2026-04-28,Billing,0.4,5
T-001130,R-0376,2026-08-24,Onboarding,2.7,4
T-001131,R-0377,2025-08-07,Payments,5.2,4
T-001132,R-0377,2025-09-15,Onboarding,18.7,4
T-001133,R-0378,2026-06-27,Technical,9.1,2
T-001134,R-0379,2026-02-06,Technical,3.1,2
T-001135,R-0379,2026-04-22,Menu,6.2,2
T-001136,R-0379,2026-05-26,Onboarding,8.2,5
T-001137,R-0381,2025-10-31,Technical,8.9,4
T-001138,R-0382,2026-07-31,Technical,2.6,4
T-001139,R-0383,2025-06-10,Payments,5.8,4
T-001140,R-0383,2025-10-21,Menu,5.9,5
T-001141,R-0383,2026-01-09,Billing,2.0,5
T-001142,R-0383,2026-04-08,Technical,4.3,4
T-001143,R-0383,2026-05-21,Payments,7.9,4
T-001144,R-0383,2026-06-21,Technical,23.1,4
T-001145,R-0383,2026-08-21,Menu,11.3,5
T-001146,R-0383,2026-08-28,Onboarding,11.2,3
T-001147,R-0383,2026-08-06,Billing,11.7,3
T-001148,R-0384,2025-12-29,Menu,20.7,4
T-001149,R-0384,2026-08-21,Menu,14.1,4
T-001150,R-0387,2026-06-30,Payments,2.9,3
T-001151,R-0387,2026-06-29,Onboarding,12.3,5
T-001152,R-0387,2026-06-29,Billing,4.8,5
T-001153,R-0387,2026-06-29,Payments,11.6,4
T-001154,R-0387,2026-07-26,Menu,9.5,5
T-001155,R-0387,2026-07-29,Technical,5.1,2
T-001156,R-0387,2026-07-22,Onboarding,2.8,2
T-001157,R-0387,2026-07-14,Onboarding,9.5,5
T-001158,R-0387,2026-08-17,Technical,6.1,2
T-001159,R-0387,2026-08-28,Technical,21.2,1
T-001160,R-0387,2026-08-20,Payments,8.0,5
T-001161,R-0388,2025-03-26,Menu,19.4,5
T-001162,R-0388,2025-06-04,Technical,6.0,4
T-001163,R-0388,2025-06-26,Technical,2.7,4
T-001164,R-0388,2026-04-10,Menu,2.9,3
T-001165,R-0389,2026-01-24,Technical,18.2,3
T-001166,R-0389,2026-02-23,Onboarding,3.2,5
T-001167,R-0389,2026-04-24,Billing,4.7,3
T-001168,R-0389,2026-05-05,Payments,23.9,3
T-001169,R-0389,2026-07-25,Technical,1.1,3
T-001170,R-0390,2025-11-06,Billing,3.9,3
T-001171,R-0391,2026-05-17,Billing,13.7,4
T-001172,R-0391,2026-06-04,Payments,8.4,5
T-001173,R-0392,2025-11-26,Menu,11.6,3
T-001174,R-0392,2025-11-28,Technical,13.3,4
T-001175,R-0392,2026-04-04,Payments,6.2,5
T-001176,R-0393,2026-08-29,Onboarding,6.6,3
T-001177,R-0394,2025-11-26,Onboarding,7.7,5
T-001178,R-0394,2025-12-27,Onboarding,2.3,3
T-001179,R-0394,2026-01-20,Billing,1.3,4
T-001180,R-0394,2026-03-15,Technical,8.7,3
T-001181,R-0394,2026-06-17,Onboarding,7.6,5
T-001182,R-0394,2026-06-19,Billing,8.8,3
T-001183,R-0394,2026-08-16,Payments,1.6,4
T-001184,R-0394,2026-08-07,Menu,28.3,5
T-001185,R-0395,2026-03-23,Technical,23.1,4
T-001186,R-0395,2026-03-26,Technical,7.7,4
T-001187,R-0395,2026-04-10,Menu,4.9,3
T-001188,R-0396,2026-01-21,Billing,10.8,4
T-001189,R-0396,2026-02-04,Menu,20.1,2
T-001190,R-0397,2026-03-05,Technical,9.0,5
T-001191,R-0398,2025-11-28,Technical,5.7,5
T-001192,R-0398,2025-12-09,Menu,6.9,4
T-001193,R-0398,2026-01-16,Onboarding,11.4,5
T-001194,R-0398,2026-06-30,Onboarding,5.4,4
T-001195,R-0398,2026-08-24,Billing,12.0,2
T-001196,R-0399,2026-05-07,Payments,11.6,4
T-001197,R-0401,2026-01-05,Onboarding,18.8,4
T-001198,R-0401,2026-01-05,Payments,4.6,5
T-001199,R-0402,2026-06-17,Technical,9.3,4
T-001200,R-0402,2026-08-18,Menu,20.7,4
T-001201,R-0403,2026-08-19,Billing,4.0,5
T-001202,R-0404,2026-02-12,Onboarding,32.5,5
T-001203,R-0405,2026-08-02,Technical,11.7,4
T-001204,R-0406,2026-07-26,Technical,1.5,2
T-001205,R-0406,2026-07-11,Technical,16.5,4
T-001206,R-0406,2026-07-24,Onboarding,22.1,5
T-001207,R-0406,2026-07-19,Onboarding,13.0,5
T-001208,R-0407,2025-11-29,Technical,10.3,3
T-001209,R-0407,2025-11-26,Onboarding,2.0,5
T-001210,R-0407,2025-12-02,Menu,14.8,4
T-001211,R-0407,2026-01-04,Onboarding,14.3,4
T-001212,R-0407,2026-02-15,Technical,8.2,3
T-001213,R-0407,2026-02-06,Menu,9.7,4
T-001214,R-0407,2026-05-13,Payments,6.2,3
T-001215,R-0407,2026-06-27,Payments,14.7,2
T-001216,R-0407,2026-07-20,Billing,8.5,4
T-001217,R-0407,2026-08-06,Payments,14.3,4
T-001218,R-0409,2025-06-06,Onboarding,16.8,4
T-001219,R-0409,2025-11-12,Menu,8.9,4
T-001220,R-0409,2026-03-19,Technical,12.4,5
T-001221,R-0409,2026-04-30,Technical,5.2,5
T-001222,R-0409,2026-05-27,Menu,18.3,4
T-001223,R-0409,2026-05-02,Payments,1.6,3
T-001224,R-0409,2026-05-04,Technical,9.0,5
T-001225,R-0409,2026-06-26,Billing,5.0,4
T-001226,R-0409,2026-06-19,Technical,3.8,3
T-001227,R-0409,2026-06-29,Onboarding,9.9,4
T-001228,R-0409,2026-08-24,Billing,16.9,2
T-001229,R-0409,2026-08-08,Technical,15.0,5
T-001230,R-0409,2026-08-24,Onboarding,3.5,4
T-001231,R-0410,2026-02-16,Technical,5.9,4
T-001232,R-0411,2025-11-24,Technical,5.5,5
T-001233,R-0411,2026-04-27,Onboarding,24.4,2
T-001234,R-0412,2026-02-03,Technical,5.5,3
T-001235,R-0414,2026-07-29,Payments,12.0,5
T-001236,R-0415,2025-04-30,Onboarding,18.7,4
T-001237,R-0415,2025-05-28,Onboarding,7.0,5
T-001238,R-0416,2025-11-28,Onboarding,5.6,5
T-001239,R-0419,2025-12-28,Technical,15.4,3
T-001240,R-0419,2026-02-13,Menu,4.1,4
T-001241,R-0419,2026-02-09,Onboarding,13.5,2
T-001242,R-0419,2026-07-04,Technical,20.2,4
T-001243,R-0420,2025-04-03,Billing,19.2,4
T-001244,R-0420,2025-08-17,Payments,2.2,3
T-001245,R-0420,2025-09-14,Menu,11.2,3
T-001246,R-0420,2025-09-04,Payments,1.2,4
T-001247,R-0420,2025-10-13,Menu,8.9,4
T-001248,R-0420,2025-11-23,Onboarding,5.1,5
T-001249,R-0420,2025-12-24,Payments,8.7,2
T-001250,R-0420,2026-06-10,Menu,13.8,2
T-001251,R-0420,2026-08-03,Onboarding,14.7,1
T-001252,R-0420,2026-08-06,Payments,12.8,4
T-001253,R-0421,2025-11-26,Technical,28.4,4
T-001254,R-0421,2026-01-25,Onboarding,0.8,1
T-001255,R-0421,2026-02-18,Billing,4.1,4
T-001256,R-0421,2026-03-20,Technical,4.0,5
T-001257,R-0421,2026-06-04,Billing,2.6,4
T-001258,R-0422,2026-03-31,Technical,3.6,3
T-001259,R-0422,2026-04-04,Onboarding,2.9,5
T-001260,R-0422,2026-05-06,Billing,6.1,5
T-001261,R-0422,2026-07-01,Onboarding,5.4,5
T-001262,R-0422,2026-07-18,Menu,9.4,4
T-001263,R-0423,2025-07-22,Technical,5.3,4
T-001264,R-0423,2025-07-23,Billing,10.9,5
T-001265,R-0423,2025-11-13,Billing,1.5,3
T-001266,R-0423,2026-04-19,Menu,22.7,2
T-001267,R-0423,2026-07-04,Onboarding,7.6,5
T-001268,R-0423,2026-07-14,Payments,4.6,5
T-001269,R-0423,2026-07-28,Payments,12.0,4
T-001270,R-0423,2026-07-14,Payments,6.5,5
T-001271,R-0424,2025-07-21,Menu,4.9,3
T-001272,R-0424,2025-12-17,Menu,15.4,5
T-001273,R-0425,2026-01-08,Onboarding,18.6,4
T-001274,R-0425,2026-02-27,Menu,6.9,3
T-001275,R-0425,2026-02-12,Onboarding,20.5,1
T-001276,R-0425,2026-03-15,Billing,11.2,5
T-001277,R-0425,2026-03-05,Billing,9.8,5
T-001278,R-0425,2026-05-21,Menu,19.6,4
T-001279,R-0425,2026-06-04,Menu,19.4,3
T-001280,R-0425,2026-06-20,Onboarding,4.1,4
T-001281,R-0426,2025-02-27,Menu,4.7,5
T-001282,R-0426,2025-02-25,Onboarding,13.5,2
T-001283,R-0426,2025-05-11,Billing,7.7,1
T-001284,R-0426,2025-05-24,Technical,25.0,4
T-001285,R-0426,2025-06-02,Payments,19.8,4
T-001286,R-0426,2025-10-11,Menu,6.5,4
T-001287,R-0426,2025-10-28,Menu,20.2,3
T-001288,R-0426,2026-03-13,Technical,5.2,5
T-001289,R-0426,2026-06-12,Payments,7.8,5
T-001290,R-0426,2026-06-25,Payments,14.4,4
T-001291,R-0426,2026-06-09,Technical,10.2,2
T-001292,R-0426,2026-07-27,Payments,21.5,4
T-001293,R-0428,2026-07-14,Billing,12.8,3
T-001294,R-0428,2026-08-21,Technical,8.5,4
T-001295,R-0429,2025-09-19,Payments,6.3,5
T-001296,R-0429,2025-11-03,Menu,24.0,3
T-001297,R-0429,2026-04-06,Payments,15.3,4
T-001298,R-0430,2026-07-19,Technical,25.2,3
T-001299,R-0432,2026-05-20,Onboarding,11.5,4
T-001300,R-0434,2025-03-27,Billing,7.9,3
T-001301,R-0434,2025-11-14,Payments,15.5,5
T-001302,R-0435,2026-04-26,Payments,6.3,4
T-001303,R-0435,2026-05-12,Billing,8.0,4
T-001304,R-0435,2026-05-28,Menu,11.5,3
T-001305,R-0435,2026-05-04,Menu,37.0,4
T-001306,R-0435,2026-05-03,Technical,12.5,5
T-001307,R-0435,2026-06-08,Billing,18.3,4
T-001308,R-0435,2026-06-20,Technical,4.9,4
T-001309,R-0435,2026-07-31,Technical,8.0,5
T-001310,R-0435,2026-07-23,Billing,4.7,3
T-001311,R-0435,2026-08-09,Onboarding,10.7,5
T-001312,R-0436,2025-08-01,Billing,16.5,5
T-001313,R-0436,2025-08-13,Technical,34.1,4
T-001314,R-0436,2025-08-02,Payments,4.7,4
T-001315,R-0437,2026-02-08,Onboarding,48.1,2
T-001316,R-0437,2026-03-11,Menu,8.4,3
T-001317,R-0437,2026-03-05,Technical,20.8,2
T-001318,R-0437,2026-06-19,Technical,10.4,4
T-001319,R-0439,2025-12-27,Menu,8.7,4
T-001320,R-0439,2025-12-26,Technical,9.4,5
T-001321,R-0439,2026-01-22,Menu,24.3,3
T-001322,R-0439,2026-02-18,Billing,3.3,5
T-001323,R-0439,2026-02-08,Technical,3.1,1
T-001324,R-0440,2026-08-29,Menu,8.1,3
T-001325,R-0441,2026-08-28,Technical,16.7,3
T-001326,R-0442,2026-05-17,Onboarding,6.9,2
T-001327,R-0442,2026-05-15,Billing,4.9,4
T-001328,R-0442,2026-05-01,Technical,13.0,2
T-001329,R-0444,2026-01-12,Technical,8.0,4
T-001330,R-0445,2025-07-29,Menu,8.2,5
T-001331,R-0446,2025-01-25,Menu,2.9,5
T-001332,R-0446,2025-01-27,Technical,29.4,3
T-001333,R-0446,2025-01-28,Onboarding,1.9,5
T-001334,R-0446,2025-05-01,Technical,16.6,1
T-001335,R-0446,2025-10-22,Billing,5.0,4
T-001336,R-0446,2025-11-28,Menu,9.1,5
T-001337,R-0446,2025-12-28,Technical,14.9,2
T-001338,R-0446,2025-12-10,Menu,1.2,2
T-001339,R-0446,2026-06-09,Payments,10.0,5
T-001340,R-0446,2026-06-13,Menu,5.5,5
T-001341,R-0446,2026-08-19,Technical,2.9,3
T-001342,R-0446,2026-08-31,Technical,10.1,5
T-001343,R-0447,2025-08-31,Menu,5.7,3
T-001344,R-0447,2025-09-12,Technical,13.6,5
T-001345,R-0447,2025-12-01,Onboarding,15.8,4
T-001346,R-0447,2026-03-16,Billing,15.2,4
T-001347,R-0447,2026-04-25,Technical,14.5,5
T-001348,R-0447,2026-05-03,Technical,6.8,3
T-001349,R-0447,2026-06-07,Onboarding,20.1,3
T-001350,R-0447,2026-07-09,Billing,3.5,4
T-001351,R-0448,2026-02-25,Billing,8.8,5
T-001352,R-0449,2026-01-29,Menu,14.0,5
T-001353,R-0449,2026-01-28,Billing,8.3,4
T-001354,R-0449,2026-06-04,Onboarding,12.5,5
T-001355,R-0450,2025-09-21,Onboarding,4.2,4
T-001356,R-0450,2025-09-29,Technical,15.6,5
T-001357,R-0450,2025-11-02,Onboarding,3.5,3
T-001358,R-0450,2025-12-21,Onboarding,16.2,5
T-001359,R-0450,2025-12-18,Technical,12.3,4
T-001360,R-0451,2025-05-23,Technical,4.7,5
T-001361,R-0451,2025-05-19,Technical,7.6,2
T-001362,R-0451,2025-05-26,Billing,9.0,5
T-001363,R-0451,2025-07-10,Menu,21.9,5
T-001364,R-0451,2026-02-19,Onboarding,14.6,4
T-001365,R-0451,2026-03-08,Billing,5.2,3
T-001366,R-0451,2026-03-16,Billing,4.9,5
T-001367,R-0451,2026-04-21,Menu,11.6,5
T-001368,R-0451,2026-04-11,Technical,4.1,4
T-001369,R-0451,2026-07-13,Payments,6.6,4
T-001370,R-0453,2025-12-12,Technical,5.6,1
T-001371,R-0453,2026-01-09,Menu,16.4,3
T-001372,R-0453,2026-02-28,Technical,5.8,4
T-001373,R-0453,2026-05-14,Technical,7.7,4
T-001374,R-0453,2026-07-05,Onboarding,6.9,5
T-001375,R-0454,2025-07-30,Technical,11.9,3
T-001376,R-0454,2025-09-14,Technical,19.6,4
T-001377,R-0454,2026-08-12,Technical,7.6,5
T-001378,R-0455,2025-09-30,Onboarding,11.7,3
T-001379,R-0455,2025-09-29,Technical,14.7,4
T-001380,R-0455,2025-11-23,Billing,8.5,3
T-001381,R-0455,2025-12-08,Menu,29.5,5
T-001382,R-0455,2026-01-08,Onboarding,7.4,4
T-001383,R-0455,2026-03-03,Technical,6.8,4
T-001384,R-0455,2026-04-15,Onboarding,10.9,5
T-001385,R-0455,2026-05-04,Technical,32.0,4
T-001386,R-0455,2026-05-09,Onboarding,13.7,5
T-001387,R-0455,2026-08-18,Onboarding,5.2,2
T-001388,R-0457,2025-11-25,Billing,3.9,4
T-001389,R-0457,2025-12-04,Menu,35.5,4
T-001390,R-0457,2026-02-18,Billing,25.6,4
T-001391,R-0461,2026-05-24,Onboarding,17.6,3
T-001392,R-0462,2025-12-25,Technical,5.0,5
T-001393,R-0462,2025-12-24,Technical,5.2,4
T-001394,R-0462,2026-02-13,Technical,5.5,4
T-001395,R-0462,2026-02-03,Payments,20.6,4
T-001396,R-0462,2026-03-15,Technical,25.0,5
T-001397,R-0462,2026-07-13,Billing,13.2,3
T-001398,R-0463,2025-12-18,Onboarding,1.9,1
T-001399,R-0464,2025-04-12,Onboarding,15.9,4
T-001400,R-0464,2025-11-18,Technical,17.5,4
T-001401,R-0464,2025-12-05,Technical,7.6,2
T-001402,R-0464,2026-07-19,Technical,5.5,5
T-001403,R-0464,2026-08-13,Onboarding,26.1,3
T-001404,R-0465,2026-02-23,Technical,16.2,4
T-001405,R-0465,2026-02-22,Payments,28.4,2
T-001406,R-0465,2026-02-24,Menu,6.6,4
T-001407,R-0465,2026-03-08,Technical,10.8,2
T-001408,R-0465,2026-04-30,Technical,2.9,4
T-001409,R-0465,2026-04-20,Payments,11.5,4
T-001410,R-0465,2026-05-15,Payments,0.9,4
T-001411,R-0465,2026-05-23,Menu,5.8,3
T-001412,R-0465,2026-06-27,Menu,15.7,4
T-001413,R-0465,2026-08-02,Technical,6.4,4
T-001414,R-0465,2026-08-30,Technical,6.1,3
T-001415,R-0466,2025-07-19,Billing,11.8,5
T-001416,R-0466,2025-07-14,Billing,8.7,4
T-001417,R-0466,2025-10-10,Technical,5.4,3
T-001418,R-0467,2025-11-09,Billing,17.5,4
T-001419,R-0468,2025-10-09,Technical,6.3,4
T-001420,R-0468,2025-12-21,Menu,5.9,3
T-001421,R-0468,2026-02-19,Technical,8.3,5
T-001422,R-0469,2025-11-13,Technical,7.0,3
T-001423,R-0469,2025-11-23,Technical,16.7,5
T-001424,R-0469,2026-08-05,Billing,23.5,5
T-001425,R-0469,2026-08-31,Onboarding,27.8,5
T-001426,R-0470,2026-02-08,Menu,22.0,4
T-001427,R-0471,2026-05-25,Billing,27.5,4
T-001428,R-0471,2026-06-03,Menu,2.1,5
T-001429,R-0472,2025-04-22,Menu,26.4,4
T-001430,R-0472,2026-02-13,Onboarding,4.2,5
T-001431,R-0473,2026-02-23,Billing,3.7,3
T-001432,R-0473,2026-05-05,Billing,5.6,5
T-001433,R-0473,2026-06-19,Billing,40.4,4
T-001434,R-0473,2026-08-22,Technical,3.2,4
T-001435,R-0474,2025-07-22,Payments,21.7,5
T-001436,R-0474,2025-07-20,Onboarding,27.2,5
T-001437,R-0476,2026-02-06,Billing,5.6,4
T-001438,R-0476,2026-07-20,Payments,28.5,5
T-001439,R-0477,2026-02-23,Billing,18.3,5
T-001440,R-0477,2026-03-26,Billing,0.5,4
T-001441,R-0477,2026-03-31,Billing,38.1,4
T-001442,R-0477,2026-03-10,Technical,5.0,5
T-001443,R-0477,2026-05-16,Technical,9.8,2
T-001444,R-0477,2026-06-12,Payments,16.1,3
T-001445,R-0478,2026-07-12,Menu,11.1,5
T-001446,R-0478,2026-08-15,Technical,6.5,4
T-001447,R-0479,2026-06-24,Menu,12.2,1
T-001448,R-0479,2026-06-29,Payments,4.8,5
T-001449,R-0479,2026-08-29,Technical,5.0,3
T-001450,R-0480,2026-07-23,Menu,11.3,4
T-001451,R-0480,2026-08-12,Billing,10.3,5
T-001452,R-0481,2026-04-14,Technical,13.4,3
T-001453,R-0481,2026-07-19,Billing,25.9,4
T-001454,R-0482,2026-05-22,Billing,10.8,5
T-001455,R-0482,2026-06-05,Billing,11.5,5
T-001456,R-0482,2026-08-14,Technical,16.0,4
T-001457,R-0484,2026-05-02,Technical,6.1,4
T-001458,R-0486,2025-12-06,Technical,16.8,3
T-001459,R-0486,2026-01-14,Billing,5.5,3
T-001460,R-0486,2026-02-18,Onboarding,26.5,5
T-001461,R-0486,2026-02-21,Technical,5.6,3
T-001462,R-0486,2026-02-01,Billing,29.4,2
T-001463,R-0486,2026-02-03,Menu,3.3,2
T-001464,R-0486,2026-04-17,Technical,11.5,5
T-001465,R-0486,2026-05-16,Menu,20.6,4
T-001466,R-0486,2026-07-03,Payments,7.4,1
T-001467,R-0486,2026-08-26,Payments,8.4,5
T-001468,R-0487,2025-06-18,Onboarding,18.4,5
T-001469,R-0487,2025-07-02,Onboarding,12.7,4
T-001470,R-0487,2025-09-16,Onboarding,29.0,4
T-001471,R-0487,2026-01-08,Menu,1.7,4
T-001472,R-0487,2026-01-30,Billing,12.5,5
T-001473,R-0487,2026-05-19,Technical,10.6,1
T-001474,R-0487,2026-06-16,Onboarding,13.1,5
T-001475,R-0487,2026-07-22,Menu,7.8,1
T-001476,R-0487,2026-07-17,Technical,3.8,2
T-001477,R-0487,2026-07-27,Payments,5.4,3
T-001478,R-0488,2025-08-28,Onboarding,13.3,2
T-001479,R-0488,2025-08-29,Technical,11.5,4
T-001480,R-0488,2025-09-11,Onboarding,21.8,3
T-001481,R-0488,2025-12-22,Menu,7.2,4
T-001482,R-0488,2026-03-22,Technical,5.2,5
T-001483,R-0488,2026-05-19,Billing,7.8,4
T-001484,R-0488,2026-06-24,Technical,13.6,4
T-001485,R-0488,2026-07-12,Payments,16.2,4
T-001486,R-0488,2026-07-08,Technical,12.6,4
T-001487,R-0488,2026-07-03,Billing,0.7,4
T-001488,R-0488,2026-08-11,Menu,10.0,3
T-001489,R-0489,2026-05-26,Technical,13.3,5
T-001490,R-0490,2026-03-01,Technical,35.1,5
T-001491,R-0490,2026-04-09,Billing,8.2,4
T-001492,R-0490,2026-07-25,Payments,6.7,3
T-001493,R-0491,2025-02-22,Billing,7.8,5
T-001494,R-0491,2025-05-30,Onboarding,10.8,3
T-001495,R-0491,2025-09-12,Technical,8.9,4
T-001496,R-0491,2025-11-02,Technical,17.2,1
T-001497,R-0491,2026-08-12,Technical,2.8,5
T-001498,R-0495,2025-02-22,Menu,3.5,5
T-001499,R-0495,2025-04-24,Technical,24.7,4
T-001500,R-0495,2025-04-29,Technical,14.1,4
T-001501,R-0496,2026-08-20,Technical,27.3,3
T-001502,R-0497,2026-01-16,Payments,8.5,2
T-001503,R-0497,2026-02-09,Payments,16.3,5
T-001504,R-0497,2026-03-29,Payments,3.1,5
T-001505,R-0497,2026-03-22,Onboarding,22.1,4
T-001506,R-0497,2026-05-05,Payments,12.0,1
T-001507,R-0498,2026-07-09,Billing,6.8,4
T-001508,R-0500,2026-08-14,Menu,8.7,4
T-001509,R-0501,2026-08-23,Technical,8.1,5
T-001510,R-0502,2025-07-30,Billing,6.1,5
T-001511,R-0502,2025-07-31,Billing,12.6,2
T-001512,R-0502,2025-07-24,Menu,24.7,4
T-001513,R-0502,2025-11-21,Billing,3.9,3
T-001514,R-0502,2025-12-10,Technical,26.2,4
T-001515,R-0502,2026-01-31,Technical,14.8,4
T-001516,R-0502,2026-02-21,Technical,6.8,4
T-001517,R-0502,2026-02-06,Payments,20.0,4
T-001518,R-0502,2026-03-19,Payments,20.0,2
T-001519,R-0502,2026-03-10,Onboarding,3.3,3
T-001520,R-0504,2026-06-15,Onboarding,6.9,3
T-001521,R-0504,2026-08-18,Technical,6.0,4
T-001522,R-0504,2026-08-07,Onboarding,16.7,1
T-001523,R-0504,2026-08-07,Onboarding,7.8,5
T-001524,R-0505,2026-04-08,Billing,21.3,4
T-001525,R-0505,2026-05-17,Payments,2.3,3
T-001526,R-0506,2026-08-29,Technical,10.0,5
T-001527,R-0507,2025-10-23,Menu,3.5,4
T-001528,R-0507,2025-11-30,Billing,19.3,2
T-001529,R-0507,2025-11-06,Onboarding,0.5,4
T-001530,R-0509,2026-07-08,Technical,3.9,4
T-001531,R-0510,2025-04-22,Technical,19.9,4
T-001532,R-0510,2025-04-11,Billing,4.5,5
T-001533,R-0510,2025-07-15,Payments,16.4,4
T-001534,R-0510,2025-07-01,Onboarding,3.9,4
T-001535,R-0510,2025-09-11,Payments,5.6,4
T-001536,R-0510,2025-11-10,Technical,3.1,5
T-001537,R-0510,2025-11-07,Technical,3.8,4
T-001538,R-0510,2025-11-25,Onboarding,12.6,3
T-001539,R-0510,2026-01-01,Technical,9.1,4
T-001540,R-0510,2026-02-14,Billing,9.3,3
T-001541,R-0511,2026-08-26,Onboarding,7.8,5
T-001542,R-0511,2026-08-19,Technical,10.6,5
T-001543,R-0512,2025-09-29,Menu,14.3,4
T-001544,R-0512,2025-10-16,Onboarding,15.6,3
T-001545,R-0512,2025-11-03,Billing,9.6,5
T-001546,R-0512,2025-12-24,Menu,15.1,5
T-001547,R-0512,2026-02-05,Onboarding,11.1,3
T-001548,R-0512,2026-03-13,Billing,5.2,4
T-001549,R-0512,2026-03-17,Technical,24.1,5
T-001550,R-0512,2026-06-08,Billing,18.2,3
T-001551,R-0513,2025-07-23,Onboarding,4.1,5
T-001552,R-0513,2025-09-21,Payments,16.6,5
T-001553,R-0513,2025-10-08,Onboarding,11.8,3
T-001554,R-0513,2025-10-12,Technical,11.0,4
T-001555,R-0513,2025-11-30,Technical,25.1,5
T-001556,R-0513,2025-11-13,Technical,13.5,5
T-001557,R-0513,2025-12-03,Billing,23.7,1
T-001558,R-0513,2025-12-10,Billing,5.5,5
T-001559,R-0513,2026-01-03,Menu,17.1,3
T-001560,R-0513,2026-03-17,Billing,4.6,4
T-001561,R-0513,2026-06-26,Technical,5.5,4
T-001562,R-0513,2026-07-09,Technical,17.7,4
T-001563,R-0513,2026-08-14,Menu,32.1,1
T-001564,R-0513,2026-08-08,Billing,9.6,4
T-001565,R-0514,2025-10-23,Menu,0.9,1
T-001566,R-0514,2026-01-21,Payments,10.2,3
T-001567,R-0514,2026-02-01,Technical,9.4,3
T-001568,R-0514,2026-02-23,Billing,11.6,3
T-001569,R-0514,2026-03-23,Payments,2.1,4
T-001570,R-0515,2025-12-12,Payments,29.1,3
T-001571,R-0515,2026-03-16,Payments,5.1,1
T-001572,R-0515,2026-03-27,Billing,14.0,3
T-001573,R-0515,2026-04-15,Billing,15.4,5
T-001574,R-0515,2026-04-25,Technical,24.9,5
T-001575,R-0515,2026-05-15,Payments,26.6,5
T-001576,R-0515,2026-05-23,Technical,6.9,3
T-001577,R-0515,2026-05-16,Menu,32.1,1
T-001578,R-0515,2026-06-13,Onboarding,10.2,2
T-001579,R-0515,2026-07-04,Technical,17.6,4
T-001580,R-0515,2026-07-01,Menu,15.6,5
T-001581,R-0515,2026-08-30,Technical,16.2,5
T-001582,R-0516,2026-04-28,Onboarding,9.5,3
T-001583,R-0516,2026-05-22,Technical,2.0,4
T-001584,R-0516,2026-08-23,Technical,8.4,4
T-001585,R-0517,2026-08-10,Billing,8.6,4
T-001586,R-0518,2025-12-30,Technical,9.0,4
T-001587,R-0519,2025-05-22,Technical,4.6,1
T-001588,R-0519,2025-07-01,Payments,9.3,5
T-001589,R-0519,2025-09-18,Billing,17.1,3
T-001590,R-0519,2025-09-27,Billing,32.7,4
T-001591,R-0519,2025-12-21,Menu,19.1,3
T-001592,R-0519,2026-02-13,Menu,7.0,5
T-001593,R-0519,2026-02-05,Billing,13.0,5
T-001594,R-0519,2026-03-22,Onboarding,17.9,5
T-001595,R-0519,2026-03-11,Onboarding,19.0,3
T-001596,R-0519,2026-03-29,Billing,7.0,4
T-001597,R-0519,2026-06-18,Menu,20.1,4
T-001598,R-0519,2026-07-21,Technical,20.8,5
T-001599,R-0523,2025-04-28,Onboarding,4.0,5
T-001600,R-0524,2026-03-29,Payments,10.2,5
T-001601,R-0525,2025-02-06,Technical,6.1,4
T-001602,R-0525,2025-04-28,Technical,4.7,4
T-001603,R-0525,2025-07-21,Billing,23.7,3
T-001604,R-0525,2025-10-17,Billing,12.0,5
T-001605,R-0525,2025-11-28,Technical,9.8,5
T-001606,R-0525,2026-02-18,Onboarding,8.2,5
T-001607,R-0525,2026-02-11,Technical,20.2,5
T-001608,R-0525,2026-06-09,Technical,1.9,4
T-001609,R-0525,2026-06-28,Billing,3.4,4
T-001610,R-0526,2025-06-30,Technical,10.8,4
T-001611,R-0526,2025-09-04,Technical,4.3,3
T-001612,R-0526,2025-10-01,Onboarding,14.1,5
T-001613,R-0526,2025-10-25,Menu,30.6,5
T-001614,R-0526,2025-10-10,Billing,62.8,5
T-001615,R-0527,2026-01-22,Onboarding,6.4,5
T-001616,R-0527,2026-02-12,Payments,22.3,4
T-001617,R-0527,2026-03-05,Onboarding,4.5,3
T-001618,R-0527,2026-03-03,Technical,6.7,4
T-001619,R-0527,2026-05-16,Payments,14.9,5
T-001620,R-0528,2026-05-25,Menu,22.6,5
T-001621,R-0528,2026-05-14,Menu,3.0,4
T-001622,R-0528,2026-05-09,Onboarding,5.9,3
T-001623,R-0528,2026-06-12,Technical,7.9,3
T-001624,R-0528,2026-07-02,Onboarding,7.3,3
T-001625,R-0528,2026-08-31,Technical,6.6,3
T-001626,R-0529,2025-11-01,Technical,31.2,4
T-001627,R-0529,2026-01-27,Technical,8.1,5
T-001628,R-0529,2026-04-28,Menu,9.0,3
T-001629,R-0529,2026-07-13,Technical,5.9,2
T-001630,R-0529,2026-08-18,Billing,12.5,5
T-001631,R-0530,2025-08-27,Onboarding,9.8,3
T-001632,R-0530,2025-09-14,Billing,5.9,5
T-001633,R-0530,2026-01-30,Menu,3.7,4
T-001634,R-0530,2026-03-29,Billing,6.6,4
T-001635,R-0530,2026-07-10,Billing,2.9,4
T-001636,R-0531,2025-03-15,Payments,40.1,4
T-001637,R-0531,2026-06-05,Technical,4.0,2
T-001638,R-0532,2026-08-24,Payments,9.7,4
T-001639,R-0533,2026-04-19,Menu,1.9,3
T-001640,R-0533,2026-05-17,Technical,3.9,5
T-001641,R-0534,2025-09-29,Billing,8.5,3
T-001642,R-0534,2025-09-30,Menu,19.2,4
T-001643,R-0534,2025-10-31,Technical,18.7,5
T-001644,R-0534,2025-12-07,Onboarding,25.4,3
T-001645,R-0535,2025-08-25,Technical,3.5,4
T-001646,R-0535,2025-11-10,Billing,20.6,2
T-001647,R-0535,2025-12-18,Technical,4.5,4
T-001648,R-0536,2025-06-30,Billing,1.8,5
T-001649,R-0536,2026-01-19,Billing,5.7,3
T-001650,R-0536,2026-03-30,Technical,4.7,2
T-001651,R-0537,2026-08-29,Billing,2.9,5
T-001652,R-0539,2026-01-28,Billing,7.6,5
T-001653,R-0539,2026-06-26,Onboarding,13.2,5
T-001654,R-0541,2026-01-22,Billing,4.9,5
T-001655,R-0541,2026-01-29,Technical,2.8,5
T-001656,R-0541,2026-01-14,Technical,16.8,5
T-001657,R-0541,2026-01-20,Billing,12.8,3
T-001658,R-0541,2026-02-04,Technical,26.6,3
T-001659,R-0541,2026-02-20,Billing,5.9,5
T-001660,R-0541,2026-03-13,Onboarding,10.2,3
T-001661,R-0541,2026-04-07,Onboarding,8.9,5
T-001662,R-0541,2026-05-08,Billing,8.5,4
T-001663,R-0541,2026-06-10,Payments,12.4,5
T-001664,R-0541,2026-06-12,Menu,3.8,1
T-001665,R-0541,2026-08-07,Technical,9.3,4
T-001666,R-0541,2026-08-27,Menu,1.4,3
T-001667,R-0542,2026-05-31,Billing,23.0,2
T-001668,R-0542,2026-05-30,Technical,10.0,2
T-001669,R-0544,2026-06-01,Technical,6.0,3
T-001670,R-0544,2026-07-19,Onboarding,4.9,5
T-001671,R-0544,2026-08-26,Billing,11.1,3
T-001672,R-0544,2026-08-13,Onboarding,18.8,4
T-001673,R-0545,2025-05-18,Technical,13.7,1
T-001674,R-0545,2025-07-03,Onboarding,21.7,4
T-001675,R-0546,2026-06-18,Menu,35.0,5
T-001676,R-0546,2026-06-30,Payments,26.2,2
T-001677,R-0546,2026-06-22,Billing,5.0,3
T-001678,R-0546,2026-08-13,Billing,9.8,4
T-001679,R-0547,2025-10-11,Menu,7.4,2
T-001680,R-0547,2025-10-22,Onboarding,11.6,5
T-001681,R-0547,2026-02-11,Technical,6.5,5
T-001682,R-0547,2026-06-13,Onboarding,17.3,5
T-001683,R-0547,2026-08-31,Billing,8.2,4
T-001684,R-0548,2025-11-23,Billing,1.8,4
T-001685,R-0548,2025-11-21,Technical,28.0,4
T-001686,R-0548,2026-01-29,Technical,14.2,5
T-001687,R-0548,2026-02-15,Payments,9.6,5
T-001688,R-0548,2026-04-13,Technical,9.6,5
T-001689,R-0548,2026-04-16,Technical,34.5,3
T-001690,R-0548,2026-05-07,Payments,2.9,3
T-001691,R-0548,2026-06-03,Payments,12.6,3
T-001692,R-0548,2026-06-28,Technical,4.1,4
T-001693,R-0548,2026-08-16,Onboarding,18.5,4
T-001694,R-0548,2026-08-12,Billing,22.1,3
T-001695,R-0548,2026-08-09,Billing,3.1,4
T-001696,R-0549,2025-05-20,Billing,2.9,5
T-001697,R-0549,2026-02-23,Technical,34.1,4
T-001698,R-0549,2026-02-19,Menu,24.0,5
T-001699,R-0549,2026-08-03,Onboarding,3.1,5
T-001700,R-0550,2025-02-03,Billing,21.2,3
T-001701,R-0550,2025-03-14,Technical,14.1,5
T-001702,R-0550,2025-04-09,Menu,1.3,4
T-001703,R-0550,2025-05-26,Technical,5.6,5
T-001704,R-0550,2025-06-09,Technical,20.2,4
T-001705,R-0550,2025-06-18,Payments,14.4,4
T-001706,R-0550,2025-07-12,Menu,1.7,4
T-001707,R-0550,2025-09-19,Technical,1.4,2
T-001708,R-0550,2025-10-30,Billing,5.1,4
T-001709,R-0550,2025-11-10,Technical,10.0,5
T-001710,R-0550,2025-11-14,Technical,33.0,5
T-001711,R-0550,2026-01-29,Onboarding,1.2,3
T-001712,R-0550,2026-03-23,Onboarding,16.4,2
T-001713,R-0550,2026-03-20,Technical,24.5,5
T-001714,R-0550,2026-05-31,Onboarding,5.8,3
T-001715,R-0550,2026-05-19,Onboarding,7.6,4
T-001716,R-0550,2026-06-17,Technical,1.5,4
T-001717,R-0550,2026-06-02,Billing,25.2,4
T-001718,R-0550,2026-06-03,Payments,13.3,4
T-001719,R-0550,2026-07-20,Payments,5.3,5
T-001720,R-0551,2025-11-10,Technical,5.6,4
T-001721,R-0551,2026-01-15,Billing,8.1,5
T-001722,R-0551,2026-01-03,Technical,3.2,4
T-001723,R-0551,2026-04-12,Menu,13.9,5
T-001724,R-0551,2026-07-20,Technical,11.8,5
T-001725,R-0551,2026-07-22,Billing,9.6,5
T-001726,R-0551,2026-08-11,Menu,16.0,5
T-001727,R-0553,2025-05-22,Menu,4.2,2
T-001728,R-0553,2025-07-24,Onboarding,5.5,2
T-001729,R-0553,2025-08-03,Billing,21.3,4
T-001730,R-0553,2025-09-19,Menu,5.1,3
T-001731,R-0553,2025-10-06,Onboarding,9.5,3
T-001732,R-0553,2025-11-04,Technical,21.2,4
T-001733,R-0553,2025-12-30,Technical,7.8,4
T-001734,R-0553,2026-04-14,Payments,12.4,4
T-001735,R-0553,2026-04-09,Menu,6.2,1
T-001736,R-0553,2026-04-23,Onboarding,6.1,1
T-001737,R-0554,2026-01-30,Menu,15.2,3
T-001738,R-0555,2026-04-11,Menu,8.2,3
T-001739,R-0557,2026-07-31,Onboarding,4.7,2
T-001740,R-0557,2026-08-26,Technical,14.5,4
T-001741,R-0558,2026-07-27,Technical,4.4,4
T-001742,R-0558,2026-08-26,Technical,7.2,4
T-001743,R-0560,2025-08-24,Technical,14.1,5
T-001744,R-0560,2025-12-25,Menu,2.0,2
T-001745,R-0560,2026-01-10,Billing,8.3,5
T-001746,R-0561,2026-06-23,Technical,7.3,5
T-001747,R-0561,2026-06-22,Onboarding,29.6,4
T-001748,R-0562,2026-06-28,Technical,8.9,5
T-001749,R-0562,2026-07-18,Billing,10.8,4
T-001750,R-0562,2026-08-02,Billing,12.2,5
T-001751,R-0562,2026-08-15,Onboarding,10.5,4
T-001752,R-0563,2025-04-29,Billing,30.3,5
T-001753,R-0563,2025-04-19,Onboarding,12.4,4
T-001754,R-0563,2025-05-13,Onboarding,8.4,4
T-001755,R-0563,2025-05-06,Technical,5.7,4
T-001756,R-0563,2025-06-18,Technical,28.8,2
T-001757,R-0563,2025-06-19,Billing,14.9,4
T-001758,R-0564,2026-06-22,Billing,18.1,5
T-001759,R-0564,2026-07-09,Billing,7.7,5
T-001760,R-0564,2026-08-18,Payments,10.8,5
T-001761,R-0564,2026-08-20,Billing,4.5,5
T-001762,R-0565,2026-06-23,Billing,15.6,3
T-001763,R-0565,2026-06-29,Billing,7.5,4
T-001764,R-0565,2026-08-21,Technical,8.6,4
T-001765,R-0566,2025-11-30,Payments,6.2,3
T-001766,R-0568,2025-08-13,Technical,11.9,4
T-001767,R-0568,2026-03-22,Technical,11.8,4
T-001768,R-0568,2026-04-10,Payments,40.2,4
T-001769,R-0568,2026-07-23,Technical,9.4,3
T-001770,R-0568,2026-08-06,Technical,6.4,4
T-001771,R-0569,2026-07-04,Payments,6.7,4
T-001772,R-0570,2025-01-16,Onboarding,3.1,5
T-001773,R-0571,2026-08-31,Billing,2.7,4
T-001774,R-0572,2025-10-23,Onboarding,6.2,5
T-001775,R-0572,2025-10-26,Technical,6.1,4
T-001776,R-0572,2025-12-09,Technical,7.3,4
T-001777,R-0572,2026-01-30,Billing,3.9,4
T-001778,R-0572,2026-01-14,Onboarding,16.6,3
T-001779,R-0572,2026-01-15,Billing,7.7,5
T-001780,R-0572,2026-01-07,Onboarding,10.9,2
T-001781,R-0573,2026-05-28,Menu,24.9,5
T-001782,R-0573,2026-05-28,Payments,16.6,4
T-001783,R-0573,2026-05-26,Technical,24.4,4
T-001784,R-0573,2026-06-09,Payments,32.6,5
T-001785,R-0573,2026-06-10,Technical,10.7,3
T-001786,R-0573,2026-06-17,Onboarding,9.2,4
T-001787,R-0573,2026-06-28,Onboarding,10.4,3
T-001788,R-0573,2026-07-11,Technical,8.1,3
T-001789,R-0573,2026-07-18,Onboarding,12.6,3
T-001790,R-0573,2026-08-31,Onboarding,5.5,5
T-001791,R-0573,2026-08-07,Onboarding,5.7,5
T-001792,R-0573,2026-08-24,Billing,3.6,3
T-001793,R-0573,2026-08-29,Onboarding,1.6,3
T-001794,R-0573,2026-08-11,Menu,6.3,4
T-001795,R-0574,2026-07-31,Onboarding,12.6,5
T-001796,R-0576,2026-03-19,Billing,3.6,5
T-001797,R-0576,2026-04-02,Onboarding,1.4,4
T-001798,R-0577,2025-09-22,Onboarding,6.9,4
T-001799,R-0577,2025-09-22,Onboarding,3.8,3
T-001800,R-0577,2026-01-10,Technical,20.8,3
T-001801,R-0577,2026-02-07,Billing,9.9,5
T-001802,R-0577,2026-03-07,Billing,9.8,4
T-001803,R-0577,2026-05-08,Onboarding,8.5,3
T-001804,R-0578,2026-03-29,Billing,6.7,1
T-001805,R-0579,2025-10-25,Menu,14.2,4
T-001806,R-0580,2025-08-01,Technical,12.7,4
T-001807,R-0580,2025-10-01,Technical,26.5,4
T-001808,R-0580,2025-11-25,Onboarding,9.2,4
T-001809,R-0581,2025-11-20,Technical,4.6,5
T-001810,R-0581,2025-12-29,Technical,25.3,5
T-001811,R-0581,2025-12-21,Technical,28.1,5
T-001812,R-0581,2025-12-14,Onboarding,15.6,5
T-001813,R-0581,2026-03-15,Technical,5.5,4
T-001814,R-0582,2026-08-01,Technical,8.0,4
T-001815,R-0585,2025-08-30,Billing,42.8,4
T-001816,R-0585,2025-10-08,Technical,5.0,3
T-001817,R-0585,2025-11-08,Technical,1.8,4
T-001818,R-0585,2025-12-16,Payments,13.3,4
T-001819,R-0585,2025-12-27,Onboarding,4.0,3
T-001820,R-0585,2026-01-11,Onboarding,8.6,5
T-001821,R-0585,2026-01-05,Menu,19.2,2
T-001822,R-0585,2026-05-15,Onboarding,4.5,4
T-001823,R-0586,2025-07-14,Technical,6.2,4
T-001824,R-0586,2025-08-17,Payments,4.9,5
T-001825,R-0586,2025-11-10,Billing,14.1,4
T-001826,R-0586,2025-12-26,Onboarding,8.0,4
T-001827,R-0586,2026-01-03,Technical,19.6,4
T-001828,R-0586,2026-01-16,Onboarding,9.5,3
T-001829,R-0586,2026-02-13,Technical,3.7,5
T-001830,R-0586,2026-06-29,Billing,19.6,5
T-001831,R-0586,2026-08-12,Technical,6.7,5
T-001832,R-0588,2026-02-27,Billing,14.8,4
T-001833,R-0588,2026-02-28,Payments,7.4,5
T-001834,R-0588,2026-02-28,Menu,2.7,4
T-001835,R-0588,2026-02-27,Technical,13.7,2
T-001836,R-0588,2026-03-01,Technical,24.5,5
T-001837,R-0588,2026-08-11,Billing,9.4,5
T-001838,R-0588,2026-08-24,Technical,10.0,2
T-001839,R-0588,2026-08-28,Onboarding,26.7,4
T-001840,R-0589,2025-05-31,Technical,20.7,5
T-001841,R-0589,2025-10-21,Onboarding,11.0,5
T-001842,R-0589,2025-11-24,Billing,23.7,5
T-001843,R-0589,2026-02-20,Billing,6.6,1
T-001844,R-0589,2026-02-26,Onboarding,8.5,3
T-001845,R-0589,2026-08-21,Menu,15.7,1
T-001846,R-0590,2026-02-27,Payments,4.6,4
T-001847,R-0590,2026-07-20,Menu,11.3,2
T-001848,R-0591,2026-08-12,Onboarding,3.9,3
T-001849,R-0592,2026-05-03,Billing,11.4,3
T-001850,R-0594,2025-06-01,Technical,7.5,5
T-001851,R-0594,2025-07-09,Onboarding,17.0,3
T-001852,R-0594,2025-09-12,Payments,2.2,4
T-001853,R-0594,2025-12-05,Menu,2.6,4
T-001854,R-0594,2026-01-05,Payments,25.2,5
T-001855,R-0594,2026-02-25,Technical,3.1,5
T-001856,R-0594,2026-04-01,Technical,29.9,5
T-001857,R-0594,2026-05-10,Payments,3.4,4
T-001858,R-0595,2025-12-23,Technical,13.4,4
T-001859,R-0595,2025-12-25,Billing,10.5,4
T-001860,R-0595,2025-12-22,Payments,7.8,3
T-001861,R-0595,2025-12-31,Technical,1.2,5
T-001862,R-0595,2026-01-10,Menu,8.5,4
T-001863,R-0596,2026-05-28,Technical,21.3,3
T-001864,R-0599,2026-08-31,Technical,11.1,3
T-001865,R-0599,2026-08-31,Menu,2.5,4
T-001866,R-0599,2026-08-31,Billing,17.2,5
